family,subband,rank,pos_in_band,zipf,prevalence,cefr,gse,awl,pos,members,definition,example
damn,3k-b,2651,1,5.452,0.9978,,,0,adj,dammit|damnable|damnably|damnation|damndest|damned|damnedest|damning|damnit|damns,,
jail,3k-b,2884,2,4.848,0.9974,B2,,0,n|v,jailed|jailer|jailers|jailing|jails,,
holy,3k-b,2644,3,4.833,0.9975,B2,,0,adj,holier|holiest|holiness|unholier|unholiest|unholiness|unholy,,
jury,3k-b,2845,4,4.631,1.0000,B2,,0,n,juries,,
naked,3k-b,2911,5,4.594,0.9974,B2,,0,adj,nakedly|nakedness,,
monster,3k-b,2913,6,4.589,0.9976,B2,,0,n,monsters|monstrosities|monstrosity|monstrous|monstrously,,
romantic,3k-b,2872,7,4.546,0.9951,B1,,0,adj,romantically|romanticisation|romanticise|romanticised|romanticises|romanticising|romanticization|romanticize|romanticized|romanticizes|romanticizing|romantics|unromantic,,
proof,3k-b,2607,8,4.536,1.0000,B2,,0,n,proofed|proofing|proofs,,
suicide,3k-b,2931,9,4.534,0.9979,C1,,0,n,suicidal|suicidally|suicides,,
funeral,3k-b,2866,10,4.521,0.9923,C1,,0,n,funerals,,
surgery,3k-b,2751,11,4.510,0.9929,B2,,0,n,surgeries,,
mayor,3k-b,2827,12,4.495,1.0000,B2,,0,n,mayoral|mayoress|mayoresses|mayors|mayoralty,,
permission,3k-b,2629,13,4.493,1.0000,A2,,0,n,permissions,,
ocean,3k-b,2705,14,4.481,0.9953,A2,,0,n,oceanic|oceans,,
gang,3k-b,2904,15,4.479,1.0000,B2,,0,n,ganged|ganging|gangs,,
regret,3k-b,2673,16,4.433,1.0000,B2,,0,v|n,regretful|regretfully|regrets|regrettable|regrettably|regretted|regretting,,
fate,3k-b,2843,17,4.430,0.9975,C1,,0,n,fated|fates|fating,,
grateful,3k-b,2677,18,4.424,0.9949,B1,,0,adj,gratefully|gratefulness|ungrateful|ungratefully|ungratefulness,,
grave,3k-b,2757,19,4.419,1.0000,C1,,0,n|adj,graves,,
priest,3k-b,2564,20,4.418,0.9901,B1,,0,n,priestess|priestesses|priesthood|priestlier|priestliest|priestliness|priestly|priests,,
talent,3k-b,2543,21,4.417,1.0000,B1,,0,n,talented|talents|untalented,,
rescue,3k-b,2584,22,4.405,0.9868,B2,,0,v|n,rescued|rescuer|rescuers|rescues|rescuing,,
duke,3k-b,2611,23,4.398,0.9871,,,0,n,archduke|archdukes|dukedom|dukedoms|dukes,,
uniform,3k-b,2511,24,4.395,0.9947,A2,,1,n,uniformed|uniformity|uniformly|uniforms,,
courage,3k-b,2849,25,4.374,0.9922,B2,,0,n,courageous|courageously,,
federal,3k-b,2513,26,4.362,0.9896,B2,,1,adj,federalism|federalist|federalists|federalize|federalized|federalizes|federalizing|federally,,
flesh,3k-b,2776,27,4.343,0.9948,C1,,0,n,fleshed|fleshes|fleshiness|fleshing|fleshy|fleshly,,
sweat,3k-b,2905,28,4.339,0.9948,,,0,n,sweated|sweatier|sweatiest|sweating|sweats|sweaty,,
swell,3k-b,2934,29,4.318,0.9974,,,0,adj,swelled|swelling|swellings|swells|swollen,,
alert,3k-b,2893,30,4.314,0.9950,C1,,0,v|n|adj,alerted|alerting|alertly|alertness|alerts,,
zone,3k-b,2520,31,4.303,1.0000,B2,,0,n,zonal|zoned|zones|zoning,,
passion,3k-b,2552,32,4.296,0.9950,B1,,0,n,passionate|passionately|passionless|passions,,
intelligence,3k-b,2595,33,4.285,0.9946,B1,,0,n,intelligences|counterintelligence,,
reputation,3k-b,2526,34,4.285,0.9873,B2,,0,n,reputations,,
trail,3k-b,2766,35,4.283,0.9951,C1,,0,n|v,trailed|trailing|trails,,
virus,3k-b,2932,36,4.276,0.9974,A2,,0,n,viruses,,
contest,3k-b,2681,37,4.274,0.9923,B2,,0,n|v,contestable|contestant|contestants|contested|contesting|contests|incontestable|uncontested,,
therapy,3k-b,2702,38,4.267,1.0000,B2,,0,n,therapies|therapist|therapists,,
bible,3k-b,2746,39,4.263,0.9977,,,0,n,bibles|biblical,,
cancel,3k-b,2715,40,4.262,1.0000,B2,,0,v,canceled|canceling|cancellation|cancellations|cancelled|cancelling|cancels,,
sacrifice,3k-b,2898,41,4.253,0.9976,C1,,0,n|v,sacrificed|sacrifices|sacrificial|sacrificing,,
highway,3k-b,2995,42,4.252,1.0000,B2,,0,n,highways,,
tunnel,3k-b,2717,43,4.252,0.9974,B2,,0,n,tunnelled|tunnelling|tunnellings|tunnels,,
assault,3k-b,2630,44,4.245,0.9974,C1,,0,n|v,assaulted|assaulting|assaults,,
concert,3k-b,2799,45,4.244,0.9953,A1,,0,n,concerts,,
alien,3k-b,2788,46,4.241,0.9899,B2,,0,n|adj,alienate|alienated|alienates|alienating|alienation|aliens|inalienable,,
legend,3k-b,2876,47,4.234,0.9953,B2,,0,n,legendarily|legendary|legends,,
opera,3k-b,2733,48,4.233,0.9900,B2,,0,n,operas|operatic,,
trigger,3k-b,2969,49,4.227,0.9977,B2,,1,v|n,triggered|triggering|triggers,,
crush,3k-b,2945,50,4.225,1.0000,C1,,0,v,crushed|crusher|crushers|crushes|crushing|crushingly,,
generous,3k-b,2626,51,4.223,0.9948,B1,,0,adj,generosities|generosity|generously|ungenerous,,
liberty,3k-b,2974,52,4.221,0.9976,C1,,0,n,liberties,,
stake,3k-b,2657,53,4.220,0.9974,C1,,0,n,staked|stakes|staking,,
explosion,3k-b,2623,54,4.217,0.9954,B1,,0,n,explosions|explosive|explosively|explosiveness|explosives|nonexplosive,,
tube,3k-b,2649,55,4.216,0.9951,B1,,0,n,tubed|tubes|tubing|tubeless,,
headquarters,3k-b,2672,56,4.216,0.9947,B2,,0,n,headquartered|hq|hqs,,
personnel,3k-b,2631,57,4.214,0.9857,C1,,0,n,,,
fantasy,3k-b,2951,58,4.210,1.0000,B2,,0,n,fantasies|fantasise|fantasised|fantasises|fantasising|fantasize|fantasized|fantasizes|fantasizing|phantasies|phantasy,,
behave,3k-b,2605,59,4.210,0.9977,A2,,0,v,behaved|behaves|behaving|misbehave|misbehaved|misbehaves|misbehaving,,
chill,3k-b,2953,60,4.210,0.9924,,,0,n,chilled|chiller|chillier|chilliest|chilliness|chilling|chillingly|chills|chilly,,
blast,3k-b,2909,61,4.209,0.9954,C1,,0,n|v,blasted|blaster|blasters|blasting|blasts,,
crystal,3k-b,2663,62,4.208,0.9930,C1,,0,n,crystallisation|crystallise|crystallised|crystallises|crystallising|crystallization|crystallize|crystallized|crystallizes|crystallizing|crystals,,
powder,3k-b,2978,63,4.205,0.9952,B1,,0,n,powdered|powdering|powders|powdery,,
rape,3k-b,2656,64,4.204,0.9977,C1,,0,n|v,raped|rapes|raping|rapist|rapists,,
sin,3k-b,2818,65,4.202,0.9897,C1,,0,n,sinful|sinfully|sinfulness|sinned|sinner|sinners|sinning|sins,,
personality,3k-b,2579,66,4.201,1.0000,A2,,0,n,personalities,,
confess,3k-b,2771,67,4.200,0.9976,B2,,0,v,confessed|confesses|confessing|confession|confessional|confessions|confessor|confessors|confessedly,,
ceremony,3k-b,2758,68,4.199,1.0000,B1,,0,n,ceremonial|ceremonially|ceremonials|ceremonies|ceremonious|ceremoniously|unceremonious|unceremoniously,,
apology,3k-b,2736,69,4.198,1.0000,B2,,0,n,apologies|apologise|apologised|apologises|apologising|apologist|apologists|apologize|apologized|apologizes|apologizing,,
entrance,3k-b,2652,70,4.195,0.9952,B1,,0,n,entrances,,
satellite,3k-b,2917,71,4.194,0.9974,B2,,0,n,satellites,,
hip,3k-b,2948,72,4.188,0.9947,B2,,0,n,hipped|hips,,
gross,3k-b,2720,73,4.184,1.0000,C1,,0,adj,grosser|grossest|grossly|grossness,,
extraordinary,3k-b,2614,74,4.179,0.9974,B2,,0,adj,extraordinarily,,
squeeze,3k-b,2875,75,4.178,1.0000,C1,,0,v,squeezed|squeezes|squeezing,,
urgent,3k-b,2546,76,4.172,0.9896,B2,,0,adj,nonurgent|urgency|urgently,,
counsel,3k-b,2530,77,4.153,0.9747,,,0,n,counseled|counseling|counselings|counselled|counselling|counsellings|counsellor|counsellors|counselor|counselors|counsels,,
tragedy,3k-b,2957,78,4.152,0.9908,B2,,0,n,tragedian|tragedians|tragedies,,
jet,3k-b,2922,79,4.150,0.9923,B2,,0,n,jets|jetted|jetting,,
marine,3k-b,2916,80,4.149,0.9900,C1,,0,adj,,,
remote,3k-b,2578,81,4.146,0.9951,B1,,0,adj,remotely|remoteness|remoter|remotest,,
combat,3k-b,2928,82,4.141,1.0000,C1,,0,n|v,combatant|combatants|combated|combating|combative|combativeness|combats|combatted|combatting,,
laughter,3k-b,2935,83,4.140,1.0000,A2,,0,n,,,
drill,3k-b,2841,84,4.138,0.9976,,,0,n,drilled|driller|drillers|drilling|drills,,
tennis,3k-b,2739,85,4.134,1.0000,A1,,0,n,,,
leather,3k-b,2756,86,4.133,0.9976,B1,,0,n,leatheriness|leathers|leathery,,
palm,3k-b,2964,87,4.122,0.9927,B2,,0,n,palmed|palming|palms,,
cattle,3k-b,2802,88,4.121,1.0000,C1,,0,n,,,
pit,3k-b,2683,89,4.121,0.9976,C1,,0,n,pits|pitted|pitting,,
missile,3k-b,2968,90,4.119,0.9852,C1,,0,n,antimissile|missiles,,
superior,3k-b,2647,91,4.114,0.9952,C1,,0,adj,superiority|superiors,,
profile,3k-b,2675,92,4.110,0.9974,A2,,0,n,profiled|profiles|profiling,,
lobby,3k-b,2970,93,4.103,0.9831,C1,,0,n|v,lobbied|lobbies|lobbying|lobbyings|lobbyist|lobbyists,,
rear,3k-b,2524,94,4.095,0.9949,C1,,0,adj|n,reared|rearing|rears|rearward|rearwards,,
toss,3k-b,2992,95,4.093,0.9947,C1,,0,v,tossed|tosses|tossing,,
episode,3k-b,2919,96,4.090,1.0000,B1,,0,n,episodes|episodic|episodically,,
cruise,3k-b,2952,97,4.089,0.9975,B2,,0,n|v,cruised|cruiser|cruisers|cruises|cruising,,
graduate,3k-b,2660,98,4.087,1.0000,B1,,0,n|v,graduated|graduates|graduating|graduation|graduations|grad|grads,,
foster,3k-b,2784,99,4.080,0.9900,C1,,0,v,fostered|fostering|fosters,,
bargain,3k-b,2696,100,4.079,0.9916,B2,,0,n,bargained|bargaining|bargains,,
comedy,3k-b,2937,101,4.072,0.9949,A2,,0,n,comedian|comedians|comedies,,
plot,3k-b,2555,102,4.064,1.0000,B1,,0,n|v,plots|plotted|plotter|plotters|plotting|subplot|subplots,,
destruction,3k-b,2604,103,4.061,1.0000,B2,,0,n,destruct|destructive|destructively|destructiveness|indestructible|indestructibly|destructibility|indestructibility,,
heal,3k-b,2869,104,4.055,0.9951,B2,,0,v,healed|healer|healers|healing|healings|heals,,
rage,3k-b,2902,105,4.054,0.9952,C1,,0,n,enrage|enraged|enrages|enraging|raged|rages|raging,,
halt,3k-b,2786,106,4.052,0.9944,C1,,0,v|n,halted|halting|haltingly|halts,,
reception,3k-b,2709,107,4.047,0.9975,A2,,0,n,receptionist|receptionists|receptions,,
bureau,3k-b,2973,108,4.047,0.9901,,,0,n,bureaus|bureaux,,
harbor,3k-b,2832,109,4.042,0.9778,,,0,n,harbored|harboring|harbors|harbour|harboured|harbouring|harbours,,
rhythm,3k-b,2770,110,4.038,1.0000,B2,,0,n,rhythmic|rhythmical|rhythmically|rhythmics|rhythms,,
tissue,3k-b,2712,111,4.031,0.9950,B2,,0,n,tissues,,
confident,3k-b,2541,112,4.027,0.9978,B1,,0,adj,confidently|unconfident,,
privilege,3k-b,2581,113,4.027,0.9851,C1,,0,n,privileged|privileges|privileging,,
capture,3k-b,2586,114,4.025,0.9946,B2,,0,v|n,captured|captures|capturing|uncaptured,,
multiple,3k-b,2779,115,4.025,0.9877,B2,,0,adj,multiples,,
cooperate,3k-b,2822,116,4.015,0.9909,C1,,1,v,cooperated|cooperates|cooperating|cooperation|cooperative|cooperatively|cooperatives|uncooperative|uncooperatively,,
curtain,3k-b,2627,117,4.013,1.0000,B1,,0,n,curtained|curtaining|curtains,,
random,3k-b,2655,118,4.010,0.9976,B2,,1,adj,randomisation|randomisations|randomise|randomised|randomises|randomization|randomizations|randomize|randomized|randomizes|randomizing|randomly|randomness|randomising,,
album,3k-b,2804,119,4.010,0.9974,B1,,0,n,albums,,
raw,3k-b,2844,120,4.008,0.9945,B2,,0,adj,rawer|rawest|rawness,,
leak,3k-b,2942,121,4.006,0.9974,C1,,0,v|n,leakage|leakages|leaked|leakier|leakiest|leakiness|leaking|leaks|leaky,,
shortly,3k-b,2556,122,4.003,0.9929,B2,,0,adv,,,
relatives,3k-b,2805,123,4.003,,,,0,n,,,
menu,3k-b,2946,124,3.999,0.9951,A1,,0,n,menus,,
festival,3k-b,2588,125,3.996,0.9952,A1,,0,n,festivals,,
core,3k-b,2535,126,3.993,1.0000,B2,,1,n|adj,cored|cores|coring,,
burden,3k-b,2648,127,3.993,0.9929,C1,,0,n,burdened|burdening|burdens|unburden|unburdened|unburdening|unburdens,,
silk,3k-b,2732,128,3.991,0.9947,B2,,0,n,silken|silkier|silkiest|silkily|silkiness|silks|silky,,
coin,3k-b,2658,129,3.989,0.9950,B1,,0,n,coinage|coinages|coined|coining|coins,,
bench,3k-b,2724,130,3.986,1.0000,C1,,0,n,bencher|benchers|benches,,
grip,3k-b,2615,131,3.986,0.9948,C1,,0,n|v,gripped|gripper|grippers|gripping|grips,,
mortal,3k-b,2587,132,3.981,0.9976,,,0,adj,immortal|immortalise|immortalised|immortalises|immortalising|immortalities|immortality|immortalize|immortalized|immortalizes|immortalizing|immortally|immortals|mortalities|mortality|mortally|mortals,,
interfere,3k-b,2665,133,3.979,0.9853,C1,,0,v,interfered|interference|interferes|interfering,,
retreat,3k-b,2954,134,3.978,0.9975,C1,,0,n|v,retreated|retreating|retreats,,
chart,3k-b,2645,135,3.977,0.9976,A1,,1,n|v,charted|charting|charts|uncharted,,
praise,3k-b,2759,136,3.976,0.9974,B2,,0,n|v,praised|praises|praising,,
scan,3k-b,2863,137,3.974,0.9976,B1,,0,v,scanned|scanner|scanners|scanning|scans,,
civilian,3k-b,2915,138,3.973,0.9949,C1,,0,n|adj,civilians,,
vessel,3k-b,2713,139,3.971,0.9931,C1,,0,n,vessels,,
volunteer,3k-b,2622,140,3.969,0.9956,B1,,0,n|v,volunteered|volunteering|volunteerism|volunteers,,
hint,3k-b,2754,141,3.964,0.9925,C1,,0,n|v,hinted|hinting|hints,,
horror,3k-b,2842,142,3.963,0.9922,B1,,0,n,horrors,,
alliance,3k-b,2561,143,3.960,0.9928,C1,,0,n,alliances,,
tournament,3k-b,2933,144,3.959,1.0000,B2,,0,n,tournaments,,
penalty,3k-b,2540,145,3.959,0.9952,B2,,0,n,penalties,,
hostile,3k-b,2642,146,3.952,1.0000,C1,,0,adj,hostiles|hostilities|hostility|hostilely,,
ritual,3k-b,2903,147,3.952,0.9951,C1,,0,n,ritualisation|ritualised|ritualistic|ritualistically|ritualization|ritualized|ritually|rituals,,
journal,3k-b,2618,148,3.949,1.0000,B1,,1,n,journals|journalese,,
tender,3k-b,2882,149,3.949,1.0000,C1,,0,adj,tenderly|tenderness,,
pepper,3k-b,2999,150,3.945,0.9922,A1,,0,n,peppered|peppers|peppery,,
supreme,3k-b,2599,151,3.943,0.9975,C1,,0,adj,supremely,,
beam,3k-b,2852,152,3.941,0.9976,C1,,0,n,beamed|beaming|beams,,
cease,3k-b,2654,153,3.941,0.9930,C1,,1,v,ceased|ceaseless|ceaselessly|ceases|ceasing|unceasing|unceasingly,,
drain,3k-b,2514,154,3.936,1.0000,C1,,0,v,drainage|drainages|drained|drainer|draining|drains,,
distant,3k-b,2707,155,3.935,0.9974,B2,,0,adj,distantly,,
vulnerable,3k-b,2693,156,3.933,0.9874,C1,,0,adj,invulnerability|invulnerable|vulnerabilities|vulnerability|vulnerably,,
raid,3k-b,2624,157,3.932,0.9810,C1,,0,n|v,raided|raider|raiders|raiding|raids,,
slice,3k-b,2829,158,3.931,0.9975,B1,,0,n|v,sliced|slicer|slicers|slices|slicing|unsliced,,
invasion,3k-b,2941,159,3.930,0.9947,B2,,0,n,invasions,,
spill,3k-b,2975,160,3.928,0.9950,B2,,0,v,spillage|spillages|spilled|spilling|spills|spilt|unspilt,,
senses,3k-b,2694,161,3.928,,,,0,n,sensed|sensing|sensings,,
affection,3k-b,2892,162,3.927,0.9975,C1,,0,n,affectionate|affectionately|affections|affective|affectively,,
tremendous,3k-b,2887,163,3.927,0.9927,C1,,0,adj,tremendously,,
thrill,3k-b,2971,164,3.925,0.9947,,,0,n,thrilled|thriller|thrillers|thrilling|thrills,,
perspective,3k-b,2551,165,3.915,0.9973,B2,,1,n,perspectival|perspectives,,
shield,3k-b,2831,166,3.914,0.9952,,,0,n,shielded|shielding|shields|unshielded,,
pad,3k-b,2961,167,3.911,0.9905,C1,,0,n,padded|padding|pads,,
scandal,3k-b,2944,168,3.910,0.9928,B2,,0,n,scandalise|scandalised|scandalises|scandalising|scandalize|scandalized|scandalizes|scandalizing|scandalous|scandals|scandalously,,
versus,3k-b,2988,169,3.907,0.9950,C1,,0,prep,vs,,
pale,3k-b,2537,170,3.905,0.9976,B1,,0,adj,paled|paleness|paler|pales|palest,,
manual,3k-b,2668,171,3.904,1.0000,,,1,n,manually|manuals,,
aggressive,3k-b,2877,172,3.900,0.9977,B2,,0,adj,aggressively|aggressiveness|aggressivenesses,,
whisper,3k-b,2532,173,3.898,0.9949,B2,,0,v|n,whispered|whisperer|whisperers|whispering|whispers,,
exclusive,3k-b,2516,174,3.893,0.9974,C1,,0,adj,exclusively|exclusiveness|exclusivity,,
liquid,3k-b,2609,175,3.890,0.9977,B1,,0,n|adj,liquidities|liquidity|liquids,,
instinct,3k-b,2722,176,3.884,0.9977,C1,,0,n,instinctive|instinctively|instincts|instinctual|instinctually,,
embrace,3k-b,2900,177,3.880,1.0000,B2,,0,v,embraced|embraces|embracing,,
genetic,3k-b,2808,178,3.878,1.0000,B2,,0,adj,genetically|geneticist|geneticists|genetics,,
legitimate,3k-b,2650,179,3.877,0.9951,C1,,0,adj,illegitimacy|illegitimate|illegitimately|legit|legitimacy|legitimated|legitimately|legitimates|legitimating|legitimation,,
mobile,3k-b,2608,180,3.874,0.9921,A2,,0,adj|n,immobile|immobility|mobiles|mobilities|mobility,,
gesture,3k-b,2687,181,3.872,0.9947,B2,,0,n,gestured|gestures|gesturing,,
concrete,3k-b,2777,182,3.872,0.9929,B2,,0,adj|n,concreted|concretely|concretes|concreting,,
heel,3k-b,2912,183,3.869,0.9900,B2,,0,n,heeled|heels,,
puzzle,3k-b,2835,184,3.866,0.9949,B2,,0,n,puzzled|puzzlement|puzzlements|puzzler|puzzlers|puzzles|puzzling,,
agenda,3k-b,2839,185,3.865,0.9873,B2,,0,n,agendas,,
organ,3k-b,2793,186,3.861,1.0000,B2,,0,n,organist|organists|organs,,
rally,3k-b,2855,187,3.859,0.9930,C1,,0,n|v,rallied|rallies|rallying,,
mutual,3k-b,2719,188,3.859,0.9889,C1,,1,adj,mutuality|mutually,,
disorder,3k-b,2725,189,3.854,1.0000,B2,,0,n,disordered|disorderly|disorders|disorderliness,,
substance,3k-b,2598,190,3.854,1.0000,B1,,0,n,substances,,
weigh,3k-b,2809,191,3.853,0.9927,B1,,0,v,unweighed|weighed|weigher|weighers|weighing|weighs,,
harsh,3k-b,2914,192,3.852,1.0000,C1,,0,adj,harsher|harshest|harshly|harshness,,
compound,3k-b,2728,193,3.851,0.9929,B2,,1,n,compoundable|compounded|compounding|compounds,,
compromise,3k-b,2676,194,3.847,1.0000,C1,,0,n|v,compromised|compromises|compromising|uncompromising|uncompromisingly,,
intimate,3k-b,2847,195,3.843,0.9951,C1,,0,adj,intimacies|intimacy|intimated|intimately|intimates|intimating|intimation|intimations,,
satisfaction,3k-b,2714,196,3.843,0.9924,B2,,0,n,satisfactions,,
subtle,3k-b,2888,197,3.842,0.9901,C1,,0,adj,subtleness|subtler|subtlest|subtly|unsubtle,,
resort,3k-b,2674,198,3.840,0.9951,B2,,0,n,resorted|resorting|resorts,,
myth,3k-b,2861,199,3.840,0.9918,B2,,0,n,mythic|mythical|mythically|myths,,
gravity,3k-b,2960,200,3.838,0.9975,C1,,0,n,gravitate|gravitated|gravitates|gravitating|gravitation|gravitational|gravities,,
echo,3k-b,2570,201,3.837,0.9950,C1,,0,v|n,echoed|echoes|echoing,,
eager,3k-b,2878,202,3.837,0.9928,C1,,0,adj,eagerly|eagerness|uneager,,
sensible,3k-b,2593,203,3.833,1.0000,B1,,0,adj,sensibilities|sensibility|sensibly,,
pose,3k-b,2612,204,3.833,0.9971,B2,,1,v,posed|poser|posers|poses|posing,,
sophisticated,3k-b,2812,205,3.832,0.9919,B2,,0,adj,sophisticate|sophisticates|sophisticating|unsophisticated,,
anxiety,3k-b,2678,206,3.831,0.9896,B2,,0,n,anxieties,,
lodge,3k-b,2641,207,3.826,0.9922,,,0,n,lodged|lodger|lodgers|lodges|lodging|lodgings,,
circuit,3k-b,2582,208,3.825,1.0000,B2,,0,n,circuited|circuiting|circuitous|circuitries|circuitry|circuits,,
disagree,3k-b,2803,209,3.822,0.9976,A2,,0,v,disagreeable|disagreeably|disagreed|disagreeing|disagreement|disagreements|disagrees,,
frequency,3k-b,2549,210,3.821,0.9923,B2,,0,n,frequencies|infrequency,,
architect,3k-b,2780,211,3.817,0.9973,A2,,0,n,architects,,
airline,3k-b,2897,212,3.813,0.9974,A2,,0,n,airliner|airliners|airlines,,
senate,3k-b,2998,213,3.813,0.9852,,,0,n,senates,,
discharge,3k-b,2684,214,3.808,1.0000,C1,,0,v,discharged|discharger|dischargers|discharges|discharging|undischarged,,
drift,3k-b,2670,215,3.808,1.0000,C1,,0,v,drifted|drifter|drifters|drifting|drifts,,
tribe,3k-b,2930,216,3.805,1.0000,B2,,0,n,tribal|tribalism|tribes,,
companion,3k-b,2762,217,3.802,0.9973,C1,,0,n,companionable|companionably|companions|companionship,,
global,3k-b,2559,218,3.800,1.0000,B1,,0,adj,globalisation|globalise|globalised|globalises|globalising|globalism|globalist|globalists|globalization|globalize|globalized|globalizes|globalizing|globally,,
lease,3k-b,2597,219,3.798,0.9920,,,0,n,leased|leaser|leasers|leases|leasing|sublease|subleased|subleases|subleasing,,
overcome,3k-b,2616,220,3.793,0.9924,B2,,0,v,overcame|overcomes|overcoming,,
stain,3k-b,2688,221,3.793,0.9903,,,0,n,stained|staining|stainless|stains|unstained,,
essay,3k-b,2853,222,3.789,1.0000,A2,,0,n,essayist|essayists|essays,,
platform,3k-b,2635,223,3.789,0.9975,A2,,0,n,platforms,,
journalist,3k-b,2633,224,3.786,1.0000,A2,,0,n,journalistic|journalists,,
fiction,3k-b,2783,225,3.785,1.0000,A2,,0,n,fictional|fictions|nonfiction,,
luxury,3k-b,2801,226,3.780,0.9974,B1,,0,n,luxuriance|luxuriant|luxuriantly|luxuries|luxurious|luxuriously,,
eliminate,3k-b,2697,227,3.778,1.0000,B2,,1,v,eliminated|eliminates|eliminating|elimination|eliminations|eliminator|eliminators,,
mortgage,3k-b,2510,228,3.772,0.9895,B2,,0,n,mortgaged|mortgagee|mortgagees|mortgages|mortgaging|mortgagor|mortgagors|remortgage|remortgaged|remortgages|remortgaging|unmortgaged,,
modest,3k-b,2726,229,3.770,0.9933,B2,,0,adj,immodest|immodestly|modestly|modesty|immodesty,,
biological,3k-b,2899,230,3.770,0.9886,B2,,0,adj,biologically,,
accomplish,3k-b,2991,231,3.768,0.9903,B2,,0,v,accomplished|accomplishes|accomplishing|accomplishment|accomplishments,,
cheque,3k-b,2721,232,3.762,,,,0,n,cheques,,
glow,3k-b,2938,233,3.760,0.9972,,,0,n,glowed|glowing|glowingly|glows,,
era,3k-b,2880,234,3.757,0.9927,B2,,0,n,eras,,
resume,3k-b,2927,235,3.756,0.9908,C1,,0,v,resumed|resumes|resuming|resumption,,
craft,3k-b,2750,236,3.754,0.9975,B2,,0,n|v,crafted|crafting|crafts,,
fade,3k-b,2838,237,3.750,0.9953,C1,,0,v,faded|fades|fading|unfaded|unfading,,
scope,3k-b,2601,238,3.750,0.9950,C1,,1,n,scoped|scoping|scopes,,
relieve,3k-b,2792,239,3.747,0.9972,B2,,0,v,relieved|relieves|relieving,,
corridor,3k-b,2798,240,3.747,0.9838,B2,,0,n,corridors,,
execute,3k-b,2562,241,3.745,1.0000,C1,,0,v,executable|executed|executes|executing|execution|executioner|executioners|executions,,
submit,3k-b,2527,242,3.744,1.0000,B2,,1,v,submits|submitted|submitting,,
portrait,3k-b,2755,243,3.736,0.9978,B1,,0,n,portraits|portraiture,,
digital,3k-b,2950,244,3.733,0.9973,A2,,0,adj,digitally,,
addict,3k-b,2967,245,3.730,1.0000,,,0,n,addicted|addicting|addiction|addictions|addictive|addicts|nonaddictive,,
rebel,3k-b,2525,246,3.730,0.9950,C1,,0,n,rebelled|rebelling|rebellings|rebellion|rebellions|rebellious|rebelliously|rebelliousness|rebels,,
evolution,3k-b,2558,247,3.728,0.9953,B2,,0,n,evolutionarily|evolutionary|evolutionism|evolutionist|evolutionists,,
corrupt,3k-b,2857,248,3.726,0.9922,C1,,0,adj,corrupted|corrupter|corrupters|corruptest|corruptible|corrupting|corruption|corruptly|corruptness|corrupts|incorruptible,,
dose,3k-b,2778,249,3.725,0.9749,C1,,0,n,dosage|dosages|dosed|doses|dosing|dosings,,
humour,3k-b,2701,250,3.723,,B2,,0,n,humor|humored|humoredly|humoring|humorless|humorlessly|humorous|humorously|humors|humorist|humorists|humoured|humouredly|humouring|humourless|humourlessly|humourous|humourously|humours,,
sole,3k-b,2509,251,3.722,0.9950,C1,,1,adj,solely,,
greet,3k-b,2734,252,3.722,0.9832,A2,,0,v,greeted|greeting|greetings|greets,,
interior,3k-b,2592,253,3.720,0.9977,C1,,0,adj|n,interiors,,
carbon,3k-b,2787,254,3.720,0.9952,B2,,0,n,carbons,,
offend,3k-b,2661,255,3.718,1.0000,B2,,0,v,offended|offender|offenders|offending|offends,,
mode,3k-b,2508,256,3.713,0.9905,B2,,1,n,modes|modish,,
virtue,3k-b,2774,257,3.713,0.9876,C1,,0,n,virtues|virtuous|virtuously,,
mechanic,3k-b,2606,258,3.705,0.9953,B2,,0,n,mechanical|mechanically|mechanics,,
update,3k-b,2744,259,3.695,0.9977,B1,,0,v|n,updated|updates|updating|updatings,,
abroad,3k-b,2522,260,3.692,0.9950,A2,,0,adv,,,
edition,3k-b,2666,261,3.690,0.9977,B2,,0,n,editions,,
crop,3k-b,2521,262,3.688,0.9956,B2,,0,n,cropped|cropper|croppers|cropping|crops,,
faculty,3k-b,2985,263,3.688,0.9920,C1,,0,n,faculties,,
seize,3k-b,2813,264,3.685,0.9838,C1,,0,v,seized|seizes|seizing,,
fabric,3k-b,2737,265,3.683,0.9949,B2,,0,n,fabrics,,
mild,3k-b,2854,266,3.683,0.9911,B1,,0,adj,milder|mildest|mildly|mildness,,
fierce,3k-b,2823,267,3.681,0.9975,C1,,0,adj,fiercely|fierceness|fiercer|fiercest,,
discount,3k-b,2632,268,3.679,0.9977,B1,,0,n|v,discounted|discounter|discounters|discounting|discounts,,
grain,3k-b,2796,269,3.679,0.9976,B1,,0,n,grained|grains|grainy,,
elaborate,3k-b,2836,270,3.677,0.9893,C1,,0,adj,elaborated|elaborately|elaborateness|elaborates|elaborating|elaboration|elaborations|unelaborated,,
venture,3k-b,2550,271,3.676,0.9972,C1,,0,n|v,ventured|ventures|venturing|venturous,,
thorough,3k-b,2646,272,3.674,1.0000,B2,,0,adj,thoroughly|thoroughness,,
opponent,3k-b,2689,273,3.674,0.9948,B2,,0,n,opponents,,
substitute,3k-b,2523,274,3.670,1.0000,C1,,1,n|v,substituted|substitutes|substituting|substitution|substitutions,,
triumph,3k-b,2680,275,3.668,0.9974,C1,,0,n,triumphal|triumphalism|triumphalist|triumphalists|triumphant|triumphantly|triumphed|triumphing|triumphs,,
invent,3k-b,2569,276,3.665,0.9972,A2,,0,v,invented|inventing|invention|inventions|inventor|inventors|invents|reinvent|reinvented|reinventing|reinvention|reinventions|reinvents,,
abort,3k-b,2920,277,3.665,0.9955,,,0,v,aborted|aborting|abortion|abortions|abortionist|abortionists|abortive|abortively|aborts,,
athlete,3k-b,2959,278,3.665,0.9892,A2,,0,n,athletes|athletic|athletically|athleticism|athletics|nonathletic,,
intellectual,3k-b,2512,279,3.663,0.9974,B2,,0,adj|n,intellectualise|intellectualism|intellectualize|intellectually|intellectuals,,
phenomenon,3k-b,2603,280,3.663,0.9925,B2,,1,n,phenomena|phenomenons,,
grasp,3k-b,2837,281,3.661,0.9976,C1,,0,v|n,grasped|grasping|grasps,,
flee,3k-b,2918,282,3.661,0.9925,C1,,0,v,fled|fleeing|flees,,
irony,3k-b,2761,283,3.661,0.9921,C1,,0,n,ironic|ironical|ironically|ironies,,
overseas,3k-b,2539,284,3.661,0.9906,B2,,1,adv|adj,,,
vague,3k-b,2810,285,3.657,0.9952,C1,,0,adj,vaguely|vagueness|vaguer|vaguest,,
boost,3k-b,2690,286,3.655,0.9975,B2,,0,v|n,boosted|booster|boosters|boosting|boosts,,
enthusiasm,3k-b,2711,287,3.654,1.0000,B2,,0,n,enthusiasms,,
endure,3k-b,2976,288,3.646,1.0000,C1,,0,v,endurable|endurance|endurances|endured|endures|enduring|unendurable,,
probe,3k-b,2870,289,3.646,0.9926,C1,,0,n|v,probed|probes|probing,,
poverty,3k-b,2679,290,3.638,1.0000,B1,,0,n,,,
immune,3k-b,2955,291,3.638,0.9925,B2,,0,adj,immunisation|immunisations|immunise|immunised|immunising|immunities|immunity|immunization|immunizations|immunize|immunized|immunizing|immuno,,
portion,3k-b,2989,292,3.638,0.9921,B2,,1,n,portioned|portioning|portions,,
oral,3k-b,2819,293,3.636,1.0000,C1,,0,adj,orally,,
organic,3k-b,2828,294,3.636,0.9949,B2,,0,adj,inorganic|inorganically|organically|organics,,
tackle,3k-b,2538,295,3.634,0.9951,B2,,0,v|n,tackled|tackles|tackling|tackler|tacklers,,
blend,3k-b,2984,296,3.632,0.9927,C1,,0,v|n,blended|blender|blenders|blending|blends|unblended,,
confront,3k-b,2568,297,3.632,0.9908,C1,,0,v,confrontation|confrontational|confrontations|confronted|confronting|confronts,,
neutral,3k-b,2741,298,3.626,0.9951,B2,,1,adj,neutralisation|neutralise|neutralised|neutralises|neutralising|neutrality|neutralization|neutralize|neutralized|neutralizes|neutralizing|neutrally|neutrals,,
infant,3k-b,2706,299,3.626,0.9929,C1,,0,n,infancy|infants,,
profound,3k-b,2940,300,3.622,0.9948,C1,,0,adj,profounder|profoundest|profoundly|profoundness|profundity,,
dialogue,3k-b,2965,301,3.612,1.0000,A1,,0,n,dialog|dialogic|dialogs|dialogues,,
discreet,3k-b,2591,302,3.610,0.9747,,,0,adj,discreeter|discreetest|discreetly|discreetness|discretion|discretions|discretionary|indiscretionary|indiscreet|indiscreetly|indiscretion|indiscretions,,
yield,3k-b,2502,303,3.608,0.9978,C1,,0,n|v,unyielding|yielded|yielding|yields,,
peasant,3k-b,2533,304,3.606,0.9867,C1,,0,n,peasantries|peasantry|peasants,,
donate,3k-b,2860,305,3.601,0.9859,B1,,0,v,donated|donates|donating|donation|donations,,
hazard,3k-b,2864,306,3.588,0.9904,C1,,0,n,hazarded|hazarding|hazardous|hazardously|hazards|nonhazardous,,
alongside,3k-b,2667,307,3.577,0.9789,B2,,0,prep,,,
veteran,3k-b,2994,308,3.575,0.9928,C1,,0,n,veterans,,
manifest,3k-b,2891,309,3.568,0.9927,C1,,0,v,manifestation|manifestations|manifested|manifesting|manifestly|manifests,,
scholar,3k-b,2883,310,3.564,0.9918,B2,,0,n,scholarly|scholars,,
numerous,3k-b,2669,311,3.557,0.9946,B2,,0,adj,,,
admission,3k-b,2710,312,3.552,0.9976,C1,,0,n,admissions|readmission|readmissions,,
inherit,3k-b,2625,313,3.552,0.9879,B2,,0,v,inheritance|inheritances|inherited|inheriting|inheritor|inheritors|inherits,,
climate,3k-b,2590,314,3.550,0.9978,A2,,0,n,climates|climatic|climatically|climatological,,
perception,3k-b,2634,315,3.550,0.9956,B2,,0,n,misperception|misperceptions|perceptions,,
equation,3k-b,2589,316,3.545,0.9878,C1,,0,n,equations,,
manipulate,3k-b,2834,317,3.542,1.0000,C1,,1,v,manipulated|manipulates|manipulating|manipulation|manipulations|manipulative|manipulator|manipulators,,
analyst,3k-b,2972,318,3.542,0.9973,B2,,0,n,analysts,,
barrier,3k-b,2695,319,3.532,1.0000,B2,,0,n,barriers,,
sigh,3k-b,2638,320,3.532,0.9974,C1,,0,v|n,sighed|sighing|sighs,,
summit,3k-b,2781,321,3.525,1.0000,C1,,0,n,summits,,
valid,3k-b,2528,322,3.509,0.9975,B2,,1,adj,invalidity|validity|validly,,
ratio,3k-b,2565,323,3.509,0.9928,C1,,1,n,ratios,,
assemble,3k-b,2815,324,3.507,0.9975,C1,,1,v,assemblage|assemblages|assembled|assembler|assemblers|assembles|assembling,,
filter,3k-b,2596,325,3.504,0.9974,C1,,0,n|v,filtered|filtering|filters|filtrate|filtrated|filtrating|filtration|filtrations|unfiltered,,
outrage,3k-b,2977,326,3.499,0.9974,C1,,0,n|v,outraged|outrageous|outrageously|outrages|outraging,,
transition,3k-b,2613,327,3.496,0.9977,B2,,0,n,transitional|transitionally|transitions,,
racial,3k-b,2531,328,3.496,0.9919,B2,,0,adj,interracial|interracially|intraracial|nonracial|racialisation|racialised|racialism|racialist|racialists|racialization|racialized|racially|racism|racist|racists|antiracism|antiracist|antiracists,,
carve,3k-b,2825,329,3.493,0.9794,C1,,0,v,carved|carver|carveries|carvers|carvery|carves|carving|carvings,,
receiver,3k-b,2923,330,3.474,1.0000,B2,,0,n,receivers|receivership|receiverships,,
charter,3k-b,2563,331,3.474,0.9893,C1,,0,n,chartered|charterer|charterers|chartering|charters,,
elite,3k-b,2958,332,3.474,0.9826,C1,,0,n,elites|elitism|elitist|elitists,,
extract,3k-b,2517,333,3.471,0.9948,B2,,1,n|v,extracted|extracting|extraction|extractions|extractive|extractor|extractors|extracts,,
slope,3k-b,2685,334,3.471,0.9926,B2,,0,n|v,sloped|slopes|sloping,,
damp,3k-b,2769,335,3.468,0.9955,,,0,adj,damped|dampen|dampened|dampener|dampeners|dampening|dampens|damper|dampers|dampest|damping|damply|dampness|damps,,
rumour,3k-b,2889,336,3.468,,C1,,0,n,rumor|rumored|rumoring|rumors|rumoured|rumouring|rumours,,
overlook,3k-b,2936,337,3.465,0.9859,C1,,0,v,overlooked|overlooking|overlooks,,
transmit,3k-b,2545,338,3.459,1.0000,B2,,1,v,transmissible|transmission|transmissions|transmits|transmittal|transmitted|transmitter|transmitters|transmitting,,
furthermore,3k-b,2727,339,3.459,0.9976,B2,,1,adv,,,
deliberate,3k-b,2503,340,3.456,0.9952,B2,,0,adj,deliberately,,
gender,3k-b,2907,341,3.450,0.9951,B2,,1,n,gendered|genders,,
insight,3k-b,2901,342,3.450,0.9907,B2,,1,n,insightful|insights,,
enthusiastic,3k-b,2703,343,3.447,0.9975,B2,,0,adj,enthusiast|enthusiastically|enthusiasts|unenthusiastic|unenthusiastically,,
insert,3k-b,2790,344,3.444,0.9911,B2,,1,v,inserted|inserting|insertion|insertions|inserts,,
magnet,3k-b,2865,345,3.441,0.9927,,,0,n,magnetic|magnetically|magnetics|magnetise|magnetised|magnetises|magnetising|magnetism|magnetization|magnetize|magnetized|magnetizes|magnetizing|magnets|nonmagnetic,,
atom,3k-b,2745,346,3.441,0.9918,,,0,n,atomic|atomise|atomised|atomiser|atomisers|atomises|atomising|atomism|atomize|atomized|atomizer|atomizers|atomizes|atomizing|atoms|subatomic,,
unity,3k-b,2735,347,3.435,0.9924,B2,,0,n,unities,,
assign,3k-b,2529,348,3.435,0.9904,B2,,1,v,assigned|assignee|assignees|assigning|assignment|assignments|assigns|reassign|reassigned|reassigning|reassignment|reassignments|reassigns|unassigned,,
convey,3k-b,2610,349,3.429,0.9825,B2,,0,v,conveyance|conveyancer|conveyancers|conveyances|conveyancing|conveyancings|conveyed|conveyer|conveyers|conveying|conveyor|conveyors|conveys,,
ingredient,3k-b,2980,350,3.419,0.9947,B1,,0,n,ingredients,,
literary,3k-b,2620,351,3.409,0.9977,B2,,0,adj,,,
prominent,3k-b,2807,352,3.409,0.9949,C1,,0,adj,prominently,,
coordinate,3k-b,2504,353,3.409,0.9924,C1,,1,v,coordinated|coordinates|coordinating|coordination|coordinator|coordinators|ordinated|ordinating|ordinator|ordinators|uncoordinated,,
anticipate,3k-b,2534,354,3.406,0.9972,B2,,1,v,anticipated|anticipates|anticipating|anticipation|anticipations|anticipatory|unanticipated,,
heritage,3k-b,2963,355,3.406,0.9972,C1,,0,n,heritages,,
reluctant,3k-b,2731,356,3.402,0.9977,C1,,0,adj,reluctantly,,
sovereign,3k-b,2858,357,3.402,0.9898,,,0,n,sovereigns|sovereignties|sovereignty,,
provoke,3k-b,2699,358,3.399,0.9950,C1,,0,v,provocation|provocations|provocative|provocatively|provocativeness|provoked|provokes|provoking|unprovoked,,
ache,3k-b,2996,359,3.399,0.9898,,,0,n,ached|aches|aching|achingly|achy,,
mixture,3k-b,2600,360,3.396,0.9973,B1,,0,n,mixtures,,
imperial,3k-b,2662,361,3.396,0.9898,,,0,adj,imperially|imperialism|imperialist|imperialists|imperialistic|imperialistically,,
refuge,3k-b,2554,362,3.392,0.9952,C1,,0,n,refugee|refugees|refuges,,
competent,3k-b,2890,363,3.389,1.0000,C1,,0,adj,competencies|competency|competently|incompetence|incompetences|incompetent|incompetently|incompetents,,
dedicate,3k-b,2768,364,3.389,1.0000,,,0,v,dedicated|dedicatedly|dedicates|dedicating|dedication|dedications,,
scatter,3k-b,2856,365,3.389,0.9975,,,0,v,scattered|scattering|scatters,,
inject,3k-b,2811,366,3.385,0.9931,C1,,0,v,injected|injecting|injection|injections|injector|injectors|injects,,
violate,3k-b,2987,367,3.382,0.9974,C1,,1,v,violated|violates|violating|violation|violations|violator|violators,,
condemn,3k-b,2723,368,3.378,0.9737,C1,,0,v,condemnation|condemned|condemning|condemns|condemnatory,,
graphic,3k-b,2553,369,3.371,0.9978,B2,,0,adj,graphical|graphically|graphics,,
remedy,3k-b,2643,370,3.367,0.9950,C1,,0,n,remediable|remedial|remedially|remedied|remedies|remedying|irremediable,,
retail,3k-b,2501,371,3.367,0.9901,B2,,0,n,retailed|retailer|retailers|retailing|retails,,
conceive,3k-b,2765,372,3.364,0.9932,C1,,1,v,conceivable|conceivably|conceived|conceives|conceiving|inconceivable|inconceivably,,
utility,3k-b,2986,373,3.353,1.0000,C1,,0,n,utilities,,
clarify,3k-b,2704,374,3.353,0.9949,B2,,1,v,clarification|clarified|clarifies|clarifying|clarity,,
stem,3k-b,2718,375,3.353,0.9799,C1,,0,n|v,stemmed|stemming|stems,,
advocate,3k-b,2789,376,3.349,0.9975,C1,,1,n|v,advocated|advocates|advocating,,
abstract,3k-b,2664,377,3.341,1.0000,B2,,1,adj,abstracted|abstractedly|abstracting|abstraction|abstractions|abstractly|abstractness|abstracts,,
correspondent,3k-b,2885,378,3.337,0.9924,C1,,0,n,correspondents,,
diplomat,3k-b,2716,379,3.333,0.9850,C1,,0,n,diplomatic|diplomatically|diplomats,,
catalogue,3k-b,2621,380,3.329,0.9902,C1,,0,n,catalog|catalogs|catalogued|catalogues|cataloguing,,
dense,3k-b,2640,381,3.329,0.9836,C1,,0,adj,densely|denseness|denser|densest|densities|density,,
psychiatry,3k-b,2956,382,3.325,0.9695,,,0,n,psychiatric|psychiatrics|psychiatrist|psychiatrists,,
weave,3k-b,2760,383,3.317,0.9951,C1,,0,v,weaved|weaver|weavers|weaves|weaving|wove|woven,,
render,3k-b,2867,384,3.309,0.9769,C1,,0,v,rendered|rendering|renderings|renders,,
segment,3k-b,2926,385,3.300,0.9951,C1,,0,n,segmental|segmentary|segmentation|segmentations|segmented|segmenting|segments,,
incentive,3k-b,2871,386,3.296,0.9917,B2,,1,n,incentives,,
nets,3k-b,2993,387,3.292,,,,0,n,netted|netter|netters|netting|nettings,,
descend,3k-b,2791,388,3.287,0.9950,C1,,0,v,descendant|descendants|descended|descending|descends,,
forecast,3k-b,2691,389,3.279,0.9976,B2,,0,n|v,forecasted|forecaster|forecasters|forecasting|forecasts,,
stun,3k-b,2966,390,3.279,0.9973,C1,,0,v,stunned|stunner|stunners|stunning|stunningly|stuns,,
fragment,3k-b,2628,391,3.279,0.9951,B2,,0,n,fragmentary|fragmentation|fragmented|fragmenting|fragments,,
symptom,3k-b,2506,392,3.279,0.9950,B1,,0,n,symptomatic|symptomatically|symptoms,,
theoretical,3k-b,2567,393,3.274,0.9926,C1,,0,adj,theoretic|theoretically|theoretician|theoreticians,,
consumption,3k-b,2639,394,3.270,0.9976,B2,,0,n,,,
revive,3k-b,2763,395,3.270,0.9930,C1,,0,v,revival|revivalist|revivals|revived|revives|reviving,,
adolescent,3k-b,2997,396,3.270,0.9832,C1,,0,n,adolescence|adolescences|adolescents,,
acre,3k-b,2824,397,3.265,0.9925,C1,,0,n,acreage|acres,,
feminist,3k-b,2794,398,3.265,0.9896,C1,,0,adj|n,feminists,,
coalition,3k-b,2814,399,3.260,0.9663,C1,,0,n,coalitionist|coalitionists|coalitions,,
ethnic,3k-b,2753,400,3.256,0.9924,B2,,1,adj,ethnical|ethnically|ethnicity|ethnicization|ethnics,,
dictate,3k-b,2848,401,3.246,0.9951,C1,,0,v,dictated|dictates|dictating|dictation|dictations|dictator|dictatorial|dictatorially|dictators|dictatorship|dictatorships,,
expansion,3k-b,2536,402,3.241,1.0000,B2,,0,n,expansionary|expansionism|expansionist|expansionists|expansions,,
endorse,3k-b,2881,403,3.241,0.9978,C1,,0,v,endorsed|endorsement|endorsements|endorser|endorsers|endorses|endorsing,,
resemble,3k-b,2826,404,3.236,0.9975,C1,,0,v,resemblance|resemblances|resembled|resembles|resembling,,
neglect,3k-b,2795,405,3.231,0.9946,C1,,0,v|n,neglected|neglecting|neglects|neglectful,,
administrator,3k-b,2990,406,3.221,0.9871,C1,,0,n,administrators,,
evolve,3k-b,2896,407,3.216,0.9925,B2,,1,v,evolved|evolves|evolving,,
dominant,3k-b,2686,408,3.211,0.9975,B2,,0,adj,dominantly,,
administrative,3k-b,2574,409,3.211,0.9954,C1,,0,adj,administratively,,
bias,3k-b,2886,410,3.211,0.9952,B2,,1,n,biased|biases|biasing|unbiased,,
fertile,3k-b,2594,411,3.200,0.9977,,,0,adj,fertilisation|fertilise|fertilised|fertiliser|fertilisers|fertilises|fertilising|fertility|fertilization|fertilize|fertilized|fertilizer|fertilizers|fertilizes|fertilizing|infertile|infertility,,
petrol,3k-b,2859,412,3.200,0.9734,A2,,0,n,petrological,,
reproduce,3k-b,2700,413,3.195,1.0000,C1,,0,v,reproduced|reproduces|reproducibility|reproducible|reproducing|reproduction|reproductions,,
highlight,3k-b,2544,414,3.195,0.9933,B1,,1,v|n,highlighted|highlighter|highlighters|highlighting|highlights,,
tactic,3k-b,2821,415,3.195,0.9925,C1,,0,n,tactical|tactically|tactics,,
immigrant,3k-b,3000,416,3.195,0.9859,B1,,0,n,immigrants,,
thereby,3k-b,2806,417,3.195,0.9540,C1,,1,adv,,,
restrain,3k-b,2742,418,3.189,1.0000,,,1,v,restrained|restraining|restrains|restraint|restraints|unrestrained,,
peer,3k-b,2949,419,3.189,0.9932,B2,,0,n,peerage|peerages|peerless|peers,,
perceive,3k-b,2573,420,3.167,0.9902,B2,,1,v,perceived|perceives|perceiving,,
acquisition,3k-b,2636,421,3.167,0.9851,C1,,0,n,acquisitions,,
accountable,3k-b,2939,422,3.155,1.0000,C1,,0,adj,accountabilities|accountability|unaccountable|unaccountably,,
explicit,3k-b,2659,423,3.149,0.9975,C1,,1,adj,explicitly|explicitness,,
merge,3k-b,2566,424,3.149,0.9975,C1,,0,v,demerger|merged|merger|mergers|merges|merging,,
stimulate,3k-b,2548,425,3.143,0.9974,B2,,0,v,stimulated|stimulates|stimulating|stimulation|stimulations|stimulatory,,
literal,3k-b,2846,426,3.137,1.0000,,,0,adj,literally,,
contradict,3k-b,2730,427,3.137,0.9897,,,1,v,contradicted|contradicting|contradiction|contradictions|contradictory|contradicts,,
cluster,3k-b,2929,428,3.124,0.9950,C1,,0,n,clustered|clustering|clusters,,
accelerate,3k-b,2816,429,3.111,1.0000,C1,,0,v,accelerated|accelerates|accelerating|acceleration|accelerations|accelerator|accelerators,,
disrupt,3k-b,2873,430,3.111,0.9923,C1,,0,v,disrupted|disrupting|disruption|disruptions|disruptive|disruptively|disrupts,,
exceed,3k-b,2602,431,3.105,0.9907,B2,,1,v,exceeded|exceeding|exceedingly|exceeds,,
moderate,3k-b,2943,432,3.098,0.9950,C1,,0,adj,immoderate|immoderately|moderately|moderateness|moderates,,
speculate,3k-b,2576,433,3.091,1.0000,B2,,0,v,speculated|speculates|speculating|speculation|speculations|speculative|speculatively|speculator|speculators,,
persist,3k-b,2557,434,3.084,0.9898,C1,,1,v,persisted|persistence|persistency|persistent|persistently|persisting|persists,,
flavour,3k-b,2895,435,3.084,,B2,,0,n,flavor|flavored|flavoring|flavorings|flavors|flavoured|flavouring|flavourings|flavours|flavorful|flavorless,,
decrease,3k-b,2743,436,3.077,1.0000,B2,,0,v|n,decreased|decreases|decreasing,,
prompt,3k-b,2515,437,3.070,0.9975,B2,,0,v,prompted|prompting|promptings|promptly|prompts|promptness|unprompted,,
liberate,3k-b,2797,438,3.070,0.9897,,,0,v,liberated|liberates|liberating|liberation|liberationist|liberationists|liberations|liberator|liberators,,
comprehensive,3k-b,2519,439,3.063,1.0000,B2,,1,adj,comp|comprehensively|comprehensiveness|comps,,
supplement,3k-b,2507,440,3.063,0.9889,C1,,1,n|v,supplemental|supplementary|supplementation|supplemented|supplementing|supplements,,
prosper,3k-b,2874,441,3.048,0.9946,,,0,v,prospered|prospering|prosperities|prosperity|prosperous|prosperously|prosperousness|prospers,,
deficit,3k-b,2782,442,3.040,0.9883,C1,,0,n,deficits,,
format,3k-b,2698,443,3.032,0.9880,B2,,1,n,formats|formatted|formatting,,
facilitate,3k-b,2962,444,2.999,0.9900,C1,,1,v,facilitated|facilitates|facilitating|facilitation|facilitative|facilitator|facilitators,,
confine,3k-b,2585,445,2.999,0.9852,C1,,1,v,confined|confinement|confinements|confines|confining|unconfined,,
reinforce,3k-b,2583,446,2.982,0.9887,B2,,1,v,reinforced|reinforcement|reinforcements|reinforcer|reinforcers|reinforces|reinforcing,,
contend,3k-b,2894,447,2.982,0.9870,C1,,0,v,contended|contender|contenders|contending|contends|contention|contentions,,
cite,3k-b,2637,448,2.982,0.9528,B2,,1,v,citation|citations|cited|cites|citing|uncited,,
circulate,3k-b,2671,449,2.973,0.9863,C1,,0,v,circulated|circulates|circulating|circulation|circulations|circulatory|uncirculated,,
nominate,3k-b,2925,450,2.964,0.9902,C1,,0,v,nominated|nominates|nominating|nomination|nominations,,
fulfil,3k-b,2577,451,2.955,,B2,,0,v,fulfill|fulfilled|fulfilling|fulfillment|fulfillments|fulfills|fulfilment|fulfilments|fulfils|unfulfilled|unfulfilling,,
hypothesis,3k-b,2850,452,2.945,0.9974,B2,,1,n,hypotheses|hypothesise|hypothesised|hypothesises|hypothesising|hypothesize|hypothesized|hypothesizes|hypothesizing,,
revise,3k-b,2572,453,2.945,0.9902,B1,,1,v,revised|reviser|revisers|revises|revising|revision|revisionary|revisionism|revisionist|revisionists|revisions|unrevised,,
practitioner,3k-b,2682,454,2.935,0.9974,C1,,1,n,practitioners,,
doctrine,3k-b,2924,455,2.935,0.9950,C1,,0,n,doctrinal|doctrines,,
assert,3k-b,2542,456,2.935,0.9949,C1,,0,v,asserted|asserting|assertion|assertions|assertive|assertively|assertiveness|asserts|unassertive,,
sanction,3k-b,2906,457,2.935,0.9884,C1,,0,n,sanctioned|sanctioning|sanctions|unsanctioned,,
undergo,3k-b,2851,458,2.925,0.9907,B2,,1,v,undergoes|undergoing|undergone|underwent,,
discriminate,3k-b,2571,459,2.915,0.9898,,,1,v,discriminated|discriminates|discriminating|discrimination|discriminations|discriminatory|indiscriminate|indiscriminately|nondiscriminatory,,
molecule,3k-b,2575,460,2.905,0.9976,,,0,n,molecular|molecules,,
coincide,3k-b,2738,461,2.905,0.9975,C1,,1,v,coincided|coincidence|coincidences|coincident|coincidental|coincidentally|coincides|coinciding,,
objected,3k-b,2518,462,2.905,,,,0,v,objecting|objection|objectionable|objectionably|objections|objector|objectors|unobjectionable,,
archaeology,3k-b,2908,463,2.894,0.9954,,,0,n,archaeological|archaeologically|archaeologist|archaeologists|archeologist|archeologists|archeology|archeological|archeologically,,
diverse,3k-b,2773,464,2.894,0.9892,B2,,1,adj,diversely|diverseness|diversities|diversity,,
overwhelm,3k-b,2800,465,2.848,0.9956,C1,,0,v,overwhelmed|overwhelming|overwhelmingly|overwhelms,,
ideology,3k-b,2833,466,2.823,0.9925,C1,,1,n,ideologies|ideologist|ideologists,,
inhabit,3k-b,2817,467,2.823,0.9917,,,0,v,inhabitable|inhabitant|inhabitants|inhabited|inhabiting|inhabits|uninhabitable|uninhabited,,
fibre,3k-b,2749,468,2.823,,C1,,0,n,fiber|fibers|fibres|fibrous,,
collaborate,3k-b,2752,469,2.797,1.0000,C1,,0,v,collaborated|collaborates|collaborating|collaboration|collaborationist|collaborationists|collaborations|collaborative|collaboratively|collaborator|collaborators,,
designate,3k-b,2921,470,2.797,0.9772,C1,,0,v,designated|designates|designating|designation|designations,,
participant,3k-b,2748,471,2.783,0.9975,B2,,0,n,participants,,
suburb,3k-b,2979,472,2.783,0.9945,B2,,0,n,suburban|suburbanisation|suburbanite|suburbanites|suburbanization|suburbs,,
simultaneous,3k-b,2862,473,2.769,0.9949,,,0,adj,simultaneity|simultaneously,,
accumulate,3k-b,2767,474,2.769,0.9948,C1,,1,v,accumulated|accumulates|accumulating|accumulation|accumulations|accumulative|accumulatively|accumulator|accumulators,,
radiate,3k-b,2879,475,2.739,0.9952,,,0,v,radiated|radiates|radiating|radiation|radiations|radiative,,
depict,3k-b,2983,476,2.739,0.9861,C1,,0,v,depicted|depicting|depiction|depictions|depicts,,
oriented,3k-b,2580,477,2.739,,,,0,v,orientate|orientated|orientates|orientation|orientations|orienteering|orienting|orients|reorient|reorientation|reoriented|reorienting|reorients,,
prohibit,3k-b,2910,478,2.690,0.9925,B2,,1,v,prohibited|prohibiting|prohibition|prohibitionist|prohibitionists|prohibitions|prohibitive|prohibitively|prohibitory|prohibits,,
migrate,3k-b,2868,479,2.634,0.9950,,,1,v,migrated|migrates|migrating|migration|migrations|migratory|nonmigratory,,
framework,3k-b,2505,480,2.614,0.9973,B2,,1,n,frameworks,,
discourse,3k-b,2775,481,2.614,0.9952,C1,,0,n,discourses,,
shrug,3k-b,2740,482,2.614,0.9950,C1,,0,v,shrugged|shrugging|shrugs,,
pave,3k-b,2764,483,2.614,0.9899,,,0,v,paved|pavement|pavements|paves|paving|pavings|unpaved,,
emit,3k-b,2729,484,2.614,0.9565,,,0,v,emission|emissions|emits|emitted|emitter|emitters|emitting,,
sculpt,3k-b,2708,485,2.593,0.9975,,,0,v,sculpted|sculpting|sculptor|sculptors|sculpts|sculptural|sculpture|sculptured|sculptures|sculpturing,,
correlate,3k-b,2772,486,2.593,0.9843,C1,,0,v,correlated|correlates|correlating|correlation|correlational|correlations|uncorrelated,,
devastate,3k-b,2981,487,2.593,0.9726,C1,,0,v,devastated|devastates|devastating|devastatingly|devastation|devastations,,
affirm,3k-b,2982,488,2.547,0.9794,,,0,v,affirmation|affirmations|affirmative|affirmatively|affirmatives|affirmed|affirming|affirms|reaffirm|reaffirmation|reaffirmations|reaffirmed|reaffirming|reaffirms,,
authorise,3k-b,2692,489,2.496,,,,0,v,authorisation|authorisations|authorised|authorises|authorising|authorization|authorizations|authorize|authorized|authorizes|authorizing|unauthorised|unauthorized,,
criticise,3k-b,2547,490,2.496,,,,0,v,criticised|criticises|criticising|criticize|criticized|criticizer|criticizers|criticizes|criticizing,,
guideline,3k-b,2820,491,2.468,1.0000,B2,,1,n,guidelines,,
narrate,3k-b,2830,492,2.406,0.9797,,,0,v,narrated|narrates|narrating|narration|narrations|narrative|narratives|narrator|narrators,,
comprise,3k-b,2619,493,2.292,0.9786,B2,,1,v,comprised|comprises|comprising,,
bacterium,3k-b,2947,494,2.292,0.9479,,,0,n,bacteria|bacterial|antibacterial,,
civilise,3k-b,2840,495,2.195,,,,0,v,civilisation|civilisations|civilised|civilises|civilising|civilization|civilizations|civilize|civilized|civilizes|civilizing|uncivilised|uncivilized,,
subsidy,3k-b,2785,496,2.070,0.9608,C1,,1,n,subsidies|subsidise|subsidised|subsidises|subsidising|subsidize|subsidized|subsidizes|subsidizing,,
consequent,3k-b,2653,497,2.070,0.9388,,,1,adj,consequently,,
innovate,3k-b,2747,498,1.991,0.9974,,,1,v,innovated|innovates|innovating|innovation|innovations|innovator|innovators|innovatory,,
constrain,3k-b,2560,499,1.769,0.9895,,,1,v,constrained|constraining|constrains|constraint|constraints|unconstrained,,
underlie,3k-b,2617,500,,0.8329,,,1,,underlain|underlay|underlies|underly|underlying,,
