pseudoword,subband,length,accuracy
cyll,1k-a,4,1.000
awds,1k-a,4,1.000
jore,1k-a,4,0.975
huce,1k-a,4,1.000
gurg,1k-a,4,0.974
ealo,1k-a,4,0.975
croo,1k-a,4,1.000
unge,1k-a,4,1.000
cirt,1k-a,4,0.975
wown,1k-a,4,1.000
rarm,1k-a,4,1.000
bavi,1k-a,4,0.975
bamb,1k-a,4,0.950
cohs,1k-a,4,1.000
guft,1k-a,4,0.974
himp,1k-a,4,0.962
swow,1k-a,4,0.950
zeas,1k-a,4,1.000
awur,1k-a,4,1.000
wanx,1k-a,4,0.975
gesk,1k-a,4,1.000
vese,1k-a,4,0.975
rart,1k-a,4,0.987
hach,1k-a,4,0.962
sefs,1k-a,4,1.000
yled,1k-a,4,0.974
kise,1k-a,4,1.000
ahun,1k-a,4,1.000
feam,1k-a,4,0.962
rerp,1k-a,4,1.000
muct,1k-a,4,0.974
kive,1k-a,4,1.000
fage,1k-a,4,0.975
gudg,1k-a,4,0.987
mowa,1k-a,4,1.000
cume,1k-a,4,0.974
colf,1k-a,4,0.950
peud,1k-a,4,1.000
crar,1k-a,4,1.000
ooca,1k-a,4,1.000
nect,1k-a,4,0.974
joms,1k-a,4,1.000
blet,1k-a,4,1.000
slet,1k-a,4,0.974
vike,1k-a,4,0.950
drit,1k-a,4,0.974
pids,1k-a,4,0.974
chag,1k-a,4,0.974
wede,1k-a,4,1.000
lipt,1k-a,4,1.000
oves,1k-a,4,0.974
ylon,1k-a,4,1.000
geks,1k-a,4,1.000
calt,1k-a,4,0.974
boap,1k-a,4,1.000
hoep,1k-a,4,1.000
lidy,1k-a,4,0.975
chot,1k-a,4,1.000
hurk,1k-a,4,1.000
curp,1k-a,4,0.974
paxfy,1k-a,5,0.975
jijod,1k-a,5,1.000
sarno,1k-a,5,1.000
okste,1k-a,5,1.000
elics,1k-a,5,0.950
osiya,1k-a,5,1.000
nents,1k-a,5,0.975
fumbs,1k-a,5,1.000
irtet,1k-a,5,1.000
broky,1k-a,5,1.000
wross,1k-a,5,0.975
esurs,1k-a,5,1.000
taral,1k-a,5,1.000
hauks,1k-a,5,1.000
elurn,1k-a,5,1.000
selit,1k-a,5,0.975
pefos,1k-a,5,1.000
itled,1k-a,5,1.000
trebs,1k-a,5,0.975
giore,1k-a,5,1.000
maved,1k-a,5,0.987
blecs,1k-a,5,0.974
grakh,1k-a,5,1.000
aword,1k-a,5,0.975
lylph,1k-a,5,1.000
prids,1k-a,5,1.000
ispay,1k-a,5,1.000
bertly,1k-a,6,1.000
dinoun,1k-a,6,1.000
wellaw,1k-a,6,1.000
outmew,1k-a,6,0.950
unfett,1k-a,6,1.000
semode,1k-a,6,1.000
gaccer,1k-a,6,0.975
diride,1k-a,6,0.974
reflel,1k-a,6,1.000
mesian,1k-a,6,0.950
ingrol,1k-a,6,1.000
vabber,1k-a,6,1.000
wheths,1k-a,6,0.974
ragtog,1k-a,6,0.974
liffer,1k-a,6,1.000
cistre,1k-a,6,0.950
essers,1k-a,6,1.000
chouge,1k-a,6,1.000
jostest,1k-a,7,1.000
welkers,1k-a,7,1.000
legalls,1k-a,7,0.950
sherved,1k-a,7,0.974
rippian,1k-a,7,1.000
premuke,1k-a,7,0.974
hiftish,1k-a,7,0.974
dwashed,1k-a,7,1.000
trewand,1k-a,7,1.000
plutened,1k-a,8,1.000
chargler,1k-a,8,1.000
troirful,1k-a,8,1.000
bouchdess,1k-a,9,1.000
collcures,1k-a,9,1.000
dreaswosks,1k-a,10,0.974
fimp,1k-b,4,0.987
rult,1k-b,4,1.000
buth,1k-b,4,0.987
prak,1k-b,4,1.000
poar,1k-b,4,0.962
sowd,1k-b,4,0.974
vobe,1k-b,4,0.975
jeme,1k-b,4,1.000
widy,1k-b,4,0.950
amna,1k-b,4,0.975
dise,1k-b,4,1.000
wame,1k-b,4,0.987
kitn,1k-b,4,1.000
nohn,1k-b,4,1.000
dide,1k-b,4,0.962
lomu,1k-b,4,1.000
shiy,1k-b,4,1.000
fipe,1k-b,4,1.000
smus,1k-b,4,1.000
adbu,1k-b,4,1.000
kiju,1k-b,4,1.000
treb,1k-b,4,0.974
gaho,1k-b,4,1.000
twew,1k-b,4,1.000
deat,1k-b,4,1.000
lurn,1k-b,4,0.975
ubip,1k-b,4,1.000
grem,1k-b,4,1.000
fene,1k-b,4,0.974
poap,1k-b,4,0.975
flon,1k-b,4,1.000
whog,1k-b,4,0.975
weag,1k-b,4,1.000
abme,1k-b,4,1.000
murd,1k-b,4,1.000
tiyr,1k-b,4,1.000
atch,1k-b,4,0.975
dize,1k-b,4,0.987
piek,1k-b,4,1.000
mekg,1k-b,4,1.000
iyls,1k-b,4,1.000
buge,1k-b,4,0.962
jark,1k-b,4,0.974
cint,1k-b,4,0.975
cofs,1k-b,4,0.987
toin,1k-b,4,0.974
cawk,1k-b,4,0.974
whot,1k-b,4,0.950
eaut,1k-b,4,1.000
eeps,1k-b,4,0.950
simia,1k-b,5,1.000
tonny,1k-b,5,0.975
ensle,1k-b,5,1.000
isade,1k-b,5,1.000
tafes,1k-b,5,0.975
yemes,1k-b,5,1.000
recye,1k-b,5,1.000
gands,1k-b,5,1.000
thith,1k-b,5,0.975
fough,1k-b,5,1.000
lufts,1k-b,5,1.000
prede,1k-b,5,1.000
pauby,1k-b,5,1.000
rorry,1k-b,5,1.000
suise,1k-b,5,0.975
scood,1k-b,5,0.974
cucky,1k-b,5,0.975
hiled,1k-b,5,0.950
goked,1k-b,5,1.000
borks,1k-b,5,1.000
moxty,1k-b,5,1.000
arque,1k-b,5,0.975
whild,1k-b,5,0.974
tuede,1k-b,5,1.000
grilt,1k-b,5,1.000
whomy,1k-b,5,1.000
glesk,1k-b,5,1.000
agive,1k-b,5,1.000
brops,1k-b,5,0.975
scrala,1k-b,6,0.974
purnab,1k-b,6,0.975
bellee,1k-b,6,0.974
drosmy,1k-b,6,1.000
besied,1k-b,6,0.950
wasely,1k-b,6,0.974
asdice,1k-b,6,1.000
trybie,1k-b,6,1.000
glirdy,1k-b,6,1.000
bicums,1k-b,6,1.000
moobed,1k-b,6,1.000
edunds,1k-b,6,1.000
femmer,1k-b,6,1.000
revism,1k-b,6,1.000
mapran,1k-b,6,1.000
dodars,1k-b,6,1.000
nensed,1k-b,6,0.975
chempy,1k-b,6,1.000
shians,1k-b,6,1.000
vawish,1k-b,6,0.974
panute,1k-b,6,0.975
peefed,1k-b,6,1.000
stusial,1k-b,7,1.000
jarmont,1k-b,7,1.000
subdall,1k-b,7,1.000
rursted,1k-b,7,1.000
girries,1k-b,7,0.974
costove,1k-b,7,0.974
crarbey,1k-b,7,1.000
shruced,1k-b,7,0.974
poleier,1k-b,7,1.000
sesiats,1k-b,7,1.000
miccinct,1k-b,8,1.000
pestmans,1k-b,8,1.000
thylists,1k-b,8,1.000
bortnies,1k-b,8,1.000
swoodword,1k-b,9,1.000
stritches,1k-b,9,0.974
stissware,1k-b,9,1.000
cluoroured,1k-b,10,1.000
busp,2k-a,4,1.000
rort,2k-a,4,0.987
osae,2k-a,4,1.000
diot,2k-a,4,1.000
juip,2k-a,4,0.987
gost,2k-a,4,0.962
gont,2k-a,4,1.000
woog,2k-a,4,1.000
sowl,2k-a,4,1.000
exwo,2k-a,4,1.000
simn,2k-a,4,1.000
gidg,2k-a,4,0.987
lole,2k-a,4,1.000
swut,2k-a,4,0.987
keem,2k-a,4,1.000
chog,2k-a,4,0.974
sose,2k-a,4,0.974
trits,2k-a,5,0.950
cland,2k-a,5,0.950
bimmy,2k-a,5,1.000
tiver,2k-a,5,1.000
anbet,2k-a,5,1.000
chrox,2k-a,5,1.000
guths,2k-a,5,1.000
esect,2k-a,5,1.000
pysts,2k-a,5,1.000
snate,2k-a,5,0.950
sluer,2k-a,5,1.000
gensy,2k-a,5,1.000
psech,2k-a,5,0.975
bluss,2k-a,5,1.000
erpis,2k-a,5,1.000
pimba,2k-a,5,0.975
actot,2k-a,5,0.950
posgy,2k-a,5,1.000
jasta,2k-a,5,1.000
zompee,2k-a,6,0.974
stazed,2k-a,6,0.974
steety,2k-a,6,1.000
lewsly,2k-a,6,1.000
flalid,2k-a,6,1.000
juyope,2k-a,6,1.000
savaum,2k-a,6,1.000
siendy,2k-a,6,1.000
stedle,2k-a,6,1.000
onored,2k-a,6,0.974
resand,2k-a,6,0.950
sharry,2k-a,6,0.975
marroy,2k-a,6,1.000
colish,2k-a,6,1.000
dastos,2k-a,6,1.000
forlds,2k-a,6,1.000
dootly,2k-a,6,1.000
belkly,2k-a,6,1.000
pesies,2k-a,6,1.000
slassy,2k-a,6,1.000
nistoi,2k-a,6,1.000
bendat,2k-a,6,1.000
solles,2k-a,6,1.000
ganser,2k-a,6,1.000
beking,2k-a,6,1.000
bauron,2k-a,6,0.974
phyten,2k-a,6,1.000
sursuit,2k-a,7,0.950
tradave,2k-a,7,1.000
wadbled,2k-a,7,1.000
faunter,2k-a,7,0.950
bychies,2k-a,7,1.000
tricess,2k-a,7,1.000
clecked,2k-a,7,0.974
gearsix,2k-a,7,0.974
centrop,2k-a,7,1.000
ceipine,2k-a,7,1.000
injards,2k-a,7,1.000
runcher,2k-a,7,0.974
dexcish,2k-a,7,1.000
junwens,2k-a,7,1.000
blukkay,2k-a,7,1.000
cluller,2k-a,7,1.000
segtens,2k-a,7,1.000
vatting,2k-a,7,0.974
nurging,2k-a,7,1.000
legheam,2k-a,7,1.000
gurting,2k-a,7,0.950
nopplum,2k-a,7,1.000
istests,2k-a,7,1.000
likyers,2k-a,7,1.000
rimmard,2k-a,7,0.975
dracked,2k-a,7,0.974
mourses,2k-a,7,0.974
parbined,2k-a,8,1.000
harepays,2k-a,8,1.000
trillray,2k-a,8,1.000
bullfobs,2k-a,8,1.000
antalves,2k-a,8,1.000
pavnents,2k-a,8,1.000
skinsied,2k-a,8,1.000
ruesting,2k-a,8,1.000
chouding,2k-a,8,1.000
bungbead,2k-a,8,1.000
rellared,2k-a,8,0.974
enjushed,2k-a,8,1.000
preryous,2k-a,8,1.000
frounden,2k-a,8,1.000
corebrow,2k-a,8,1.000
irtbeges,2k-a,8,1.000
bushtreat,2k-a,9,0.974
furlammed,2k-a,9,1.000
millourts,2k-a,9,1.000
harttaids,2k-a,9,1.000
destriors,2k-a,9,1.000
plagmards,2k-a,9,1.000
sergieres,2k-a,9,0.974
transnand,2k-a,9,0.975
holfheams,2k-a,9,1.000
trescossed,2k-a,10,1.000
beeserooms,2k-a,10,1.000
windthroan,2k-a,10,1.000
nighthiors,2k-a,10,1.000
chorchyeurs,2k-a,11,0.975
eshy,2k-b,4,0.950
leec,2k-b,4,1.000
droy,2k-b,4,1.000
dild,2k-b,4,0.974
foft,2k-b,4,1.000
lodu,2k-b,4,1.000
luns,2k-b,4,0.974
hoap,2k-b,4,0.975
peam,2k-b,4,1.000
hesh,2k-b,4,0.974
leke,2k-b,4,1.000
wals,2k-b,4,1.000
unfa,2k-b,4,0.974
koil,2k-b,4,1.000
borl,2k-b,4,1.000
culk,2k-b,4,0.975
sloo,2k-b,4,0.975
loty,2k-b,4,0.975
bocs,2k-b,4,1.000
afel,2k-b,4,0.974
palf,2k-b,4,0.962
erts,2k-b,4,1.000
lere,2k-b,4,0.975
fulp,2k-b,4,1.000
spro,2k-b,4,1.000
snin,2k-b,4,1.000
amlo,2k-b,4,1.000
drog,2k-b,4,0.974
cios,2k-b,4,1.000
flof,2k-b,4,0.975
bift,2k-b,4,1.000
rarp,2k-b,4,0.974
floa,2k-b,4,0.950
soty,2k-b,4,0.974
eque,2k-b,4,1.000
boaf,2k-b,4,1.000
niew,2k-b,4,0.975
ralk,2k-b,4,1.000
blib,2k-b,4,0.950
punu,2k-b,4,1.000
hyen,2k-b,4,1.000
larm,2k-b,4,0.950
dinc,2k-b,4,1.000
pruc,2k-b,4,1.000
sken,2k-b,4,0.975
ecipt,2k-b,5,0.974
halps,2k-b,5,1.000
enths,2k-b,5,1.000
feker,2k-b,5,0.974
rarts,2k-b,5,0.975
asque,2k-b,5,1.000
ficed,2k-b,5,0.987
moxed,2k-b,5,1.000
raxed,2k-b,5,0.975
howns,2k-b,5,0.974
jifto,2k-b,5,1.000
ellei,2k-b,5,1.000
cotee,2k-b,5,0.950
ploss,2k-b,5,0.975
beald,2k-b,5,1.000
slars,2k-b,5,0.974
grame,2k-b,5,0.962
frize,2k-b,5,1.000
sicel,2k-b,5,1.000
obbed,2k-b,5,1.000
luvad,2k-b,5,1.000
grost,2k-b,5,1.000
grarp,2k-b,5,1.000
asoft,2k-b,5,1.000
fooch,2k-b,5,0.975
pylly,2k-b,5,1.000
moust,2k-b,5,0.962
lafts,2k-b,5,0.975
brout,2k-b,5,0.975
lalts,2k-b,5,0.974
oogir,2k-b,5,0.950
swise,2k-b,5,0.974
qufos,2k-b,5,1.000
treas,2k-b,5,0.974
mumis,2k-b,5,0.975
atyps,2k-b,5,1.000
cannod,2k-b,6,1.000
veleed,2k-b,6,1.000
estors,2k-b,6,1.000
cutten,2k-b,6,1.000
phined,2k-b,6,0.975
faccar,2k-b,6,0.974
aubels,2k-b,6,0.975
cacing,2k-b,6,1.000
plewer,2k-b,6,1.000
laggle,2k-b,6,0.950
hadpet,2k-b,6,1.000
siuris,2k-b,6,0.974
strumy,2k-b,6,0.975
geapea,2k-b,6,1.000
lansom,2k-b,6,0.950
pounge,2k-b,6,0.974
mothal,2k-b,6,1.000
cansat,2k-b,6,1.000
rephays,2k-b,7,1.000
glaweer,2k-b,7,1.000
lalting,2k-b,7,1.000
bousair,2k-b,7,1.000
slimour,2k-b,7,1.000
adcorbs,2k-b,7,1.000
vacktot,2k-b,7,0.975
wiseest,2k-b,7,1.000
gridths,2k-b,7,0.974
pudlors,2k-b,7,1.000
sirtier,2k-b,7,1.000
buckbate,2k-b,8,1.000
sprovine,2k-b,8,1.000
homslers,2k-b,8,1.000
sleeners,2k-b,8,1.000
househafe,2k-b,9,1.000
swamsoots,2k-b,9,0.975
corecoach,2k-b,9,1.000
tweerrels,2k-b,9,1.000
hobstates,2k-b,9,1.000
toothprune,2k-b,10,1.000
parseplush,2k-b,10,0.974
strainsmess,2k-b,11,1.000
papt,3k-a,4,1.000
sipy,3k-a,4,1.000
muce,3k-a,4,0.987
esid,3k-a,4,1.000
heak,3k-a,4,1.000
sosh,3k-a,4,1.000
rund,3k-a,4,0.975
gimy,3k-a,4,1.000
werse,3k-a,5,1.000
lubon,3k-a,5,1.000
reald,3k-a,5,0.950
urhed,3k-a,5,1.000
abvid,3k-a,5,1.000
lyvye,3k-a,5,1.000
lerus,3k-a,5,1.000
geten,3k-a,5,1.000
samus,3k-a,5,0.974
wouts,3k-a,5,1.000
moiwu,3k-a,5,1.000
sleed,3k-a,5,0.974
lealms,3k-a,6,1.000
lebyrs,3k-a,6,0.974
rugald,3k-a,6,1.000
donces,3k-a,6,0.974
moughs,3k-a,6,0.974
mairns,3k-a,6,0.974
swaced,3k-a,6,1.000
witets,3k-a,6,1.000
swites,3k-a,6,0.950
smolls,3k-a,6,1.000
crompy,3k-a,6,0.950
rewops,3k-a,6,1.000
booden,3k-a,6,0.974
flindy,3k-a,6,0.974
mullee,3k-a,6,1.000
rithes,3k-a,6,0.975
rawees,3k-a,6,1.000
pusper,3k-a,6,0.975
grinks,3k-a,6,1.000
brincy,3k-a,6,1.000
tilash,3k-a,6,1.000
spelty,3k-a,6,0.950
effell,3k-a,6,1.000
ruking,3k-a,6,1.000
gartly,3k-a,6,0.975
humives,3k-a,7,1.000
groking,3k-a,7,1.000
erspete,3k-a,7,1.000
becools,3k-a,7,1.000
brewtan,3k-a,7,0.975
kebbuel,3k-a,7,1.000
swilchy,3k-a,7,0.974
chiffle,3k-a,7,0.950
spunmey,3k-a,7,0.975
scyltic,3k-a,7,0.975
gragged,3k-a,7,1.000
replare,3k-a,7,1.000
tooding,3k-a,7,1.000
rulking,3k-a,7,0.975
junesox,3k-a,7,1.000
ertrade,3k-a,7,1.000
alfives,3k-a,7,1.000
daiding,3k-a,7,0.950
shriced,3k-a,7,0.974
hombers,3k-a,7,0.974
frourty,3k-a,7,1.000
vectues,3k-a,7,0.975
strypel,3k-a,7,0.975
bruiber,3k-a,7,1.000
roontate,3k-a,8,0.975
footdour,3k-a,8,0.975
concuile,3k-a,8,0.974
peedvole,3k-a,8,1.000
coroaned,3k-a,8,1.000
yellates,3k-a,8,1.000
phettres,3k-a,8,1.000
stainpay,3k-a,8,1.000
redneeds,3k-a,8,0.950
rufflets,3k-a,8,1.000
shepkird,3k-a,8,1.000
hasthers,3k-a,8,1.000
tupgring,3k-a,8,1.000
odecalls,3k-a,8,0.950
sireprow,3k-a,8,1.000
threcing,3k-a,8,1.000
prieldes,3k-a,8,1.000
muesting,3k-a,8,1.000
rickthew,3k-a,8,1.000
plialling,3k-a,9,1.000
dinselled,3k-a,9,0.974
wipmessed,3k-a,9,1.000
prussosks,3k-a,9,1.000
plullides,3k-a,9,1.000
gradegrot,3k-a,9,1.000
wrirtcand,3k-a,9,1.000
gassolled,3k-a,9,0.950
stiresorn,3k-a,9,1.000
handbiffs,3k-a,9,1.000
scostered,3k-a,9,0.950
recrounce,3k-a,9,1.000
steadgist,3k-a,9,1.000
friesless,3k-a,9,1.000
hainfiece,3k-a,9,1.000
plearayed,3k-a,9,1.000
champiors,3k-a,9,0.975
mishpields,3k-a,10,1.000
hoodjunked,3k-a,10,0.975
marglilled,3k-a,10,1.000
quretights,3k-a,10,1.000
poremanned,3k-a,10,1.000
wheedstake,3k-a,10,0.950
chilblours,3k-a,10,1.000
drewsprings,3k-a,11,0.975
fainclounds,3k-a,11,1.000
matchblires,3k-a,11,1.000
staughtmess,3k-a,11,0.975
flashraints,3k-a,11,1.000
knightreeds,3k-a,11,0.950
broospricks,3k-a,11,1.000
thurtstrews,3k-a,11,1.000
slom,3k-b,4,1.000
pemp,3k-b,4,1.000
ukun,3k-b,4,1.000
solf,3k-b,4,1.000
camn,3k-b,4,0.974
huty,3k-b,4,1.000
spep,3k-b,4,1.000
seop,3k-b,4,0.974
aulm,3k-b,4,1.000
sald,3k-b,4,0.962
vufo,3k-b,4,1.000
aive,3k-b,4,0.987
pust,3k-b,4,0.974
nebt,3k-b,4,1.000
shid,3k-b,4,0.962
roice,3k-b,5,1.000
tusex,3k-b,5,1.000
urled,3k-b,5,0.974
gralt,3k-b,5,0.975
spush,3k-b,5,0.987
gotty,3k-b,5,1.000
kirts,3k-b,5,0.962
scrid,3k-b,5,0.975
spows,3k-b,5,1.000
avite,3k-b,5,1.000
prour,3k-b,5,0.950
nedge,3k-b,5,0.950
rebre,3k-b,5,1.000
etiog,3k-b,5,1.000
smeam,3k-b,5,0.974
chasps,3k-b,6,0.950
quiddy,3k-b,6,1.000
nished,3k-b,6,0.974
aroves,3k-b,6,0.975
yrhels,3k-b,6,1.000
istech,3k-b,6,1.000
plouch,3k-b,6,0.974
pavnay,3k-b,6,1.000
rolfed,3k-b,6,0.974
arpone,3k-b,6,1.000
boobty,3k-b,6,1.000
renode,3k-b,6,0.975
krorys,3k-b,6,1.000
chuets,3k-b,6,0.974
vickal,3k-b,6,0.975
luoyes,3k-b,6,0.974
dalike,3k-b,6,1.000
baybug,3k-b,6,1.000
evists,3k-b,6,1.000
immals,3k-b,6,1.000
gostle,3k-b,6,0.975
dongue,3k-b,6,1.000
lorame,3k-b,6,1.000
pearned,3k-b,7,0.950
pileuse,3k-b,7,0.975
remibed,3k-b,7,0.975
margect,3k-b,7,1.000
shicked,3k-b,7,0.974
laleing,3k-b,7,1.000
coctees,3k-b,7,1.000
susters,3k-b,7,0.974
bammoon,3k-b,7,1.000
zemping,3k-b,7,1.000
bulcher,3k-b,7,0.950
poolier,3k-b,7,0.975
hurpets,3k-b,7,1.000
chamive,3k-b,7,1.000
boffols,3k-b,7,1.000
berving,3k-b,7,1.000
knither,3k-b,7,0.975
guggaws,3k-b,7,1.000
banprie,3k-b,7,0.975
fangown,3k-b,7,1.000
jencers,3k-b,7,1.000
doobrin,3k-b,7,0.975
tambern,3k-b,7,0.975
deplent,3k-b,7,0.950
sanfiene,3k-b,8,1.000
esfelled,3k-b,8,1.000
phitters,3k-b,8,0.975
swousing,3k-b,8,0.974
fourmows,3k-b,8,1.000
vellails,3k-b,8,1.000
langboat,3k-b,8,0.950
deplands,3k-b,8,0.950
shuthogs,3k-b,8,1.000
sidebong,3k-b,8,0.950
trumbode,3k-b,8,0.975
tiehorms,3k-b,8,0.974
codemels,3k-b,8,1.000
weelgays,3k-b,8,1.000
deferned,3k-b,8,0.950
hannades,3k-b,8,1.000
clinsers,3k-b,8,0.950
seenders,3k-b,8,1.000
billalves,3k-b,9,0.987
hurnished,3k-b,9,1.000
smammered,3k-b,9,1.000
threndows,3k-b,9,1.000
mortrimes,3k-b,9,1.000
notchpard,3k-b,9,1.000
vameyards,3k-b,9,1.000
esplarned,3k-b,9,1.000
cessreels,3k-b,9,1.000
spearmode,3k-b,9,0.975
trarswing,3k-b,9,1.000
stilkwork,3k-b,9,0.950
housefloes,3k-b,10,1.000
confrilled,3k-b,10,1.000
outshourts,3k-b,10,1.000
crickyeurs,3k-b,10,1.000
brairflild,3k-b,10,1.000
scayshound,3k-b,10,1.000
weststring,3k-b,10,0.974
tragestreck,3k-b,11,0.975
smaldstacks,3k-b,11,1.000
grooshpaint,3k-b,11,1.000
bralseheads,3k-b,11,1.000
pownstripts,3k-b,11,1.000
spandstades,3k-b,11,1.000
pown,4k-a,4,0.975
anvy,4k-a,4,0.975
spow,4k-a,4,0.974
wicy,4k-a,4,1.000
drea,4k-a,4,1.000
tebs,4k-a,4,1.000
rewt,4k-a,4,1.000
uoys,4k-a,4,0.975
fuke,4k-a,4,0.950
thao,4k-a,4,0.975
grag,4k-a,4,0.987
mamp,4k-a,4,1.000
whic,4k-a,4,1.000
vode,4k-a,4,0.975
timp,4k-a,4,0.975
mabc,4k-a,4,1.000
peaf,4k-a,4,0.987
lawi,4k-a,4,1.000
cheel,4k-a,5,0.975
lasey,4k-a,5,1.000
shump,4k-a,5,0.974
hucor,4k-a,5,1.000
sloos,4k-a,5,0.975
wimut,4k-a,5,1.000
poque,4k-a,5,1.000
nexed,4k-a,5,0.950
avief,4k-a,5,1.000
suddy,4k-a,5,1.000
muced,4k-a,5,1.000
flark,4k-a,5,0.974
stevs,4k-a,5,1.000
glart,4k-a,5,1.000
pamdy,4k-a,5,1.000
jecks,4k-a,5,1.000
numus,4k-a,5,0.975
lealt,4k-a,5,0.987
lanfo,4k-a,5,1.000
pampim,4k-a,6,1.000
ahokes,4k-a,6,1.000
myndip,4k-a,6,0.975
delaph,4k-a,6,0.975
bothry,4k-a,6,0.975
enched,4k-a,6,0.974
slerrs,4k-a,6,1.000
jolule,4k-a,6,0.974
miocks,4k-a,6,1.000
panyrs,4k-a,6,0.975
srinns,4k-a,6,1.000
enbace,4k-a,6,0.974
seneys,4k-a,6,1.000
maucly,4k-a,6,0.975
retans,4k-a,6,0.975
simpon,4k-a,6,0.975
mislow,4k-a,6,1.000
lixied,4k-a,6,1.000
tatens,4k-a,6,1.000
ammict,4k-a,6,1.000
cowkise,4k-a,7,1.000
mortans,4k-a,7,0.950
humbugn,4k-a,7,1.000
sawcell,4k-a,7,0.975
kencman,4k-a,7,1.000
newbeon,4k-a,7,1.000
rawkise,4k-a,7,1.000
tandlim,4k-a,7,1.000
wirlers,4k-a,7,0.975
plucing,4k-a,7,1.000
sirture,4k-a,7,1.000
phaloux,4k-a,7,1.000
prebect,4k-a,7,1.000
stavall,4k-a,7,1.000
madging,4k-a,7,0.974
nilwork,4k-a,7,0.975
laouors,4k-a,7,1.000
inguild,4k-a,7,0.974
dinnect,4k-a,7,1.000
graides,4k-a,7,0.975
outbole,4k-a,7,0.950
comsered,4k-a,8,0.975
troppled,4k-a,8,0.975
rentacts,4k-a,8,1.000
vanpeash,4k-a,8,0.974
suslicts,4k-a,8,1.000
doochgay,4k-a,8,1.000
draxcack,4k-a,8,1.000
esspawed,4k-a,8,0.974
trirreps,4k-a,8,1.000
pluttled,4k-a,8,0.975
glampers,4k-a,8,0.974
toundest,4k-a,8,1.000
shencate,4k-a,8,1.000
varmaner,4k-a,8,0.974
rechiece,4k-a,8,1.000
shothing,4k-a,8,0.974
gongnine,4k-a,8,1.000
churking,4k-a,8,0.950
enspissed,4k-a,9,0.975
holtreens,4k-a,9,1.000
foretrots,4k-a,9,0.975
mirthneat,4k-a,9,1.000
driddened,4k-a,9,1.000
hotchboms,4k-a,9,1.000
baultings,4k-a,9,0.974
urtseenth,4k-a,9,1.000
shartills,4k-a,9,1.000
coubrerve,4k-a,9,1.000
hareboles,4k-a,9,1.000
breachsone,4k-a,10,0.950
broodchord,4k-a,10,0.974
nometheeds,4k-a,10,1.000
crostcrees,4k-a,10,1.000
totchstose,4k-a,10,1.000
cornsparks,4k-a,10,1.000
tympstripts,4k-a,11,1.000
blackboomed,4k-a,11,0.974
shaldsmeare,4k-a,11,1.000
fockcrought,4k-a,11,1.000
playthigned,4k-a,11,0.975
prendnanged,4k-a,11,1.000
pightscrien,4k-a,11,1.000
prif,4k-b,4,1.000
gyid,4k-b,4,1.000
buce,4k-b,4,1.000
liud,4k-b,4,1.000
wese,4k-b,4,1.000
eapt,4k-b,4,1.000
ceam,4k-b,4,0.975
snan,4k-b,4,1.000
xeco,4k-b,4,1.000
clom,4k-b,4,1.000
bume,4k-b,4,0.987
furt,4k-b,4,0.975
fuce,4k-b,4,0.950
onte,4k-b,4,1.000
cump,4k-b,4,0.987
lirp,4k-b,4,1.000
enbi,4k-b,4,0.974
swew,4k-b,4,0.987
jums,4k-b,4,1.000
siba,4k-b,4,1.000
veny,4k-b,4,0.975
shebs,4k-b,5,1.000
lules,4k-b,5,0.974
scobs,4k-b,5,0.975
marno,4k-b,5,1.000
womes,4k-b,5,0.974
boory,4k-b,5,0.975
clurl,4k-b,5,1.000
geope,4k-b,5,1.000
glape,4k-b,5,0.987
junab,4k-b,5,1.000
cemes,4k-b,5,1.000
enbuy,4k-b,5,1.000
horls,4k-b,5,0.974
fensa,4k-b,5,0.974
warls,4k-b,5,0.975
caili,4k-b,5,1.000
emter,4k-b,5,0.974
addal,4k-b,5,1.000
ritty,4k-b,5,0.974
skind,4k-b,5,0.975
spamy,4k-b,5,1.000
lools,4k-b,5,1.000
bamna,4k-b,5,1.000
heign,4k-b,5,0.974
forbut,4k-b,6,1.000
sician,4k-b,6,0.974
flumer,4k-b,6,0.975
shough,4k-b,6,0.974
vidvet,4k-b,6,1.000
losial,4k-b,6,0.975
bipons,4k-b,6,0.974
sejurl,4k-b,6,1.000
eigned,4k-b,6,1.000
fasope,4k-b,6,1.000
tansuy,4k-b,6,1.000
tayand,4k-b,6,1.000
recers,4k-b,6,0.975
pontol,4k-b,6,0.974
rugand,4k-b,6,0.975
tigged,4k-b,6,0.962
desutz,4k-b,6,1.000
labans,4k-b,6,1.000
cargel,4k-b,6,0.975
pabmit,4k-b,6,1.000
dwinas,4k-b,6,1.000
righed,4k-b,6,1.000
exceams,4k-b,7,1.000
loserow,4k-b,7,0.975
ensmied,4k-b,7,1.000
chideak,4k-b,7,1.000
campace,4k-b,7,0.975
fooping,4k-b,7,1.000
notaved,4k-b,7,1.000
moddent,4k-b,7,0.975
sosters,4k-b,7,1.000
doehand,4k-b,7,1.000
tablarm,4k-b,7,1.000
netched,4k-b,7,1.000
scaveau,4k-b,7,1.000
mamered,4k-b,7,1.000
tumives,4k-b,7,0.975
trergum,4k-b,7,1.000
oatslian,4k-b,8,0.974
captocks,4k-b,8,1.000
shrucket,4k-b,8,1.000
biffreed,4k-b,8,1.000
nishmies,4k-b,8,1.000
tretexts,4k-b,8,0.975
hirtored,4k-b,8,1.000
sirelang,4k-b,8,1.000
forsheer,4k-b,8,0.975
baricked,4k-b,8,0.950
chenaste,4k-b,8,1.000
fireures,4k-b,8,1.000
stuciest,4k-b,8,1.000
selshern,4k-b,8,1.000
shestles,4k-b,8,1.000
backoche,4k-b,8,1.000
tightbing,4k-b,9,0.974
hagstates,4k-b,9,1.000
snomsound,4k-b,9,1.000
bobtraugh,4k-b,9,1.000
dravelled,4k-b,9,0.950
rannicked,4k-b,9,1.000
scrongles,4k-b,9,0.975
tarlicked,4k-b,9,0.975
possmames,4k-b,9,1.000
headcants,4k-b,9,1.000
foundlowed,4k-b,10,1.000
statsmaged,4k-b,10,1.000
trainstess,4k-b,10,1.000
clipheards,4k-b,10,0.950
teedsteals,4k-b,10,1.000
screesstay,4k-b,10,1.000
splavelled,4k-b,10,0.950
griestproof,4k-b,11,0.975
glutchbooks,4k-b,11,1.000
strouachens,4k-b,11,1.000
brooseblock,4k-b,11,1.000
gelk,5k-a,4,0.975
prab,5k-a,4,0.950
ioun,5k-a,4,1.000
reir,5k-a,4,0.987
loff,5k-a,4,1.000
fope,5k-a,4,1.000
pril,5k-a,4,0.975
wirt,5k-a,4,0.974
ifon,5k-a,4,1.000
stul,5k-a,4,1.000
sish,5k-a,4,0.974
moft,5k-a,4,0.987
atyp,5k-a,4,1.000
kint,5k-a,4,0.950
boov,5k-a,4,1.000
geaf,5k-a,4,1.000
fagy,5k-a,4,0.950
gich,5k-a,4,1.000
cagu,5k-a,4,1.000
yths,5k-a,4,1.000
smou,5k-a,4,1.000
rillo,5k-a,5,1.000
toist,5k-a,5,0.974
aciss,5k-a,5,1.000
voffy,5k-a,5,1.000
snold,5k-a,5,0.975
rudip,5k-a,5,0.975
blinn,5k-a,5,1.000
fonce,5k-a,5,0.974
trayy,5k-a,5,0.975
pinis,5k-a,5,0.975
taxgy,5k-a,5,1.000
shuty,5k-a,5,1.000
blaws,5k-a,5,0.950
geams,5k-a,5,0.950
knets,5k-a,5,0.975
werms,5k-a,5,1.000
diods,5k-a,5,0.974
lompy,5k-a,5,1.000
shogs,5k-a,5,0.987
summy,5k-a,5,0.974
cemoan,5k-a,6,1.000
arttip,5k-a,6,1.000
remect,5k-a,6,0.974
qandle,5k-a,6,1.000
tibbed,5k-a,6,0.950
encorm,5k-a,6,0.975
slaced,5k-a,6,1.000
cowtut,5k-a,6,0.975
ghoups,5k-a,6,0.975
parfie,5k-a,6,0.950
allops,5k-a,6,0.975
patils,5k-a,6,0.950
juvast,5k-a,6,1.000
broogy,5k-a,6,1.000
earjog,5k-a,6,1.000
usgrot,5k-a,6,1.000
caotan,5k-a,6,1.000
mallar,5k-a,6,1.000
cauced,5k-a,6,1.000
rockoo,5k-a,6,1.000
undlye,5k-a,6,1.000
feethed,5k-a,7,1.000
trysish,5k-a,7,0.974
morbend,5k-a,7,0.950
vabbing,5k-a,7,1.000
manhets,5k-a,7,0.975
shethed,5k-a,7,0.974
tissahs,5k-a,7,1.000
tearnos,5k-a,7,1.000
kinfelf,5k-a,7,1.000
strites,5k-a,7,1.000
erpumes,5k-a,7,1.000
rewding,5k-a,7,0.974
gossnet,5k-a,7,1.000
vaggles,5k-a,7,1.000
edliste,5k-a,7,1.000
chelloc,5k-a,7,1.000
masteft,5k-a,7,1.000
shigaus,5k-a,7,1.000
inplains,5k-a,8,0.974
purdiefs,5k-a,8,1.000
garlones,5k-a,8,0.975
adwocked,5k-a,8,1.000
grackers,5k-a,8,1.000
trartnit,5k-a,8,1.000
gungless,5k-a,8,1.000
shincens,5k-a,8,1.000
shamwack,5k-a,8,0.975
stempage,5k-a,8,1.000
preaging,5k-a,8,0.974
crucking,5k-a,8,1.000
pathtort,5k-a,8,0.975
rictides,5k-a,8,0.975
porttone,5k-a,8,0.975
jolfbies,5k-a,8,1.000
lightbole,5k-a,9,0.950
siverooks,5k-a,9,1.000
shucklist,5k-a,9,1.000
nerbstint,5k-a,9,1.000
procoiced,5k-a,9,1.000
knueezing,5k-a,9,1.000
eilthetes,5k-a,9,1.000
unthothed,5k-a,9,1.000
garefrash,5k-a,9,0.974
soilskere,5k-a,9,1.000
nirdrooms,5k-a,9,1.000
frirspawn,5k-a,9,1.000
phantring,5k-a,9,1.000
brashtoint,5k-a,10,0.974
quaintbest,5k-a,10,0.975
thrittered,5k-a,10,0.975
sluickters,5k-a,10,1.000
snitchdear,5k-a,10,1.000
enskrilled,5k-a,10,1.000
trufardess,5k-a,10,1.000
boyfruists,5k-a,10,0.950
catchstrand,5k-a,11,0.974
searthlions,5k-a,11,1.000
spouthening,5k-a,11,1.000
harestalled,5k-a,11,0.974
broadsherds,5k-a,11,0.974
unni,5k-b,4,1.000
torb,5k-b,4,1.000
juit,5k-b,4,1.000
bube,5k-b,4,0.974
meft,5k-b,4,1.000
weit,5k-b,4,0.974
lald,5k-b,4,0.974
ambs,5k-b,4,1.000
scue,5k-b,4,1.000
coce,5k-b,4,1.000
iton,5k-b,4,1.000
vavs,5k-b,4,1.000
puge,5k-b,4,1.000
cowo,5k-b,4,1.000
blid,5k-b,4,1.000
lerd,5k-b,4,0.950
spiy,5k-b,4,0.975
fise,5k-b,4,1.000
guas,5k-b,4,1.000
plag,5k-b,4,0.974
reods,5k-b,5,1.000
cetil,5k-b,5,1.000
nided,5k-b,5,1.000
veens,5k-b,5,0.974
pudal,5k-b,5,0.974
moxer,5k-b,5,1.000
swick,5k-b,5,0.975
vutty,5k-b,5,1.000
baxie,5k-b,5,0.975
bueue,5k-b,5,1.000
homay,5k-b,5,1.000
lonks,5k-b,5,1.000
heans,5k-b,5,0.950
clabs,5k-b,5,0.950
shick,5k-b,5,0.974
colve,5k-b,5,0.975
coose,5k-b,5,1.000
skist,5k-b,5,0.975
fasks,5k-b,5,0.950
memis,5k-b,5,0.975
awood,5k-b,5,1.000
barray,5k-b,6,1.000
griced,5k-b,6,0.974
tiends,5k-b,6,1.000
bellor,5k-b,6,0.974
frunks,5k-b,6,1.000
hoxgis,5k-b,6,1.000
indlis,5k-b,6,1.000
leizes,5k-b,6,0.975
cofros,5k-b,6,1.000
erfess,5k-b,6,1.000
omills,5k-b,6,1.000
kiylls,5k-b,6,1.000
pilten,5k-b,6,1.000
sesids,5k-b,6,1.000
tibbin,5k-b,6,1.000
dardie,5k-b,6,1.000
cumots,5k-b,6,0.975
daesan,5k-b,6,0.974
bogwin,5k-b,6,1.000
rangad,5k-b,6,0.974
wintir,5k-b,6,1.000
returse,5k-b,7,1.000
keetted,5k-b,7,1.000
tulared,5k-b,7,1.000
erkleme,5k-b,7,1.000
irtered,5k-b,7,1.000
supuats,5k-b,7,0.975
lellers,5k-b,7,1.000
sunlief,5k-b,7,0.975
lenucts,5k-b,7,0.975
appiene,5k-b,7,0.974
systios,5k-b,7,1.000
monbees,5k-b,7,0.950
flafing,5k-b,7,1.000
cibsian,5k-b,7,1.000
spigane,5k-b,7,1.000
pottoos,5k-b,7,0.975
neciest,5k-b,7,1.000
slippee,5k-b,7,0.974
laubing,5k-b,7,0.974
suddles,5k-b,7,0.975
niffbag,5k-b,7,1.000
dullbosk,5k-b,8,1.000
magwives,5k-b,8,0.975
porthade,5k-b,8,0.975
clissing,5k-b,8,0.974
flunbees,5k-b,8,1.000
lymenate,5k-b,8,1.000
sereacks,5k-b,8,1.000
labmuers,5k-b,8,0.975
shadroom,5k-b,8,1.000
grussier,5k-b,8,0.974
thilking,5k-b,8,1.000
gruggies,5k-b,8,0.974
bentrooms,5k-b,9,1.000
threeners,5k-b,9,0.975
pallpoles,5k-b,9,1.000
hautchens,5k-b,9,1.000
aunstials,5k-b,9,1.000
snowblips,5k-b,9,0.974
tungspile,5k-b,9,1.000
brandmess,5k-b,9,0.950
stempling,5k-b,9,0.975
schooders,5k-b,9,1.000
hitchhell,5k-b,9,0.974
frejuncts,5k-b,9,1.000
stilkwall,5k-b,9,0.974
sedgewards,5k-b,10,0.974
hequefoche,5k-b,10,1.000
fruihounds,5k-b,10,1.000
loincliffs,5k-b,10,0.975
draudening,5k-b,10,1.000
conshiends,5k-b,10,1.000
struelchest,5k-b,11,1.000
switchcants,5k-b,11,1.000
bookshyards,5k-b,11,1.000
hamespained,5k-b,11,1.000
windthroans,5k-b,11,1.000
schoolfound,5k-b,11,0.975
aths,6k-a,4,0.987
opee,6k-a,4,1.000
hino,6k-a,4,0.975
sirk,6k-a,4,0.975
cied,6k-a,4,0.974
bral,6k-a,4,0.950
woff,6k-a,4,0.975
ganc,6k-a,4,1.000
grir,6k-a,4,1.000
smem,6k-a,4,0.974
jire,6k-a,4,0.974
dawk,6k-a,4,0.974
dryn,6k-a,4,1.000
ciut,6k-a,4,1.000
tafa,6k-a,4,0.974
nale,6k-a,4,0.975
wawl,6k-a,4,1.000
pombs,6k-a,5,1.000
vexco,6k-a,5,1.000
tiked,6k-a,5,0.975
leddy,6k-a,5,1.000
fanky,6k-a,5,1.000
jugan,6k-a,5,1.000
swait,6k-a,5,1.000
manva,6k-a,5,0.974
otiop,6k-a,5,1.000
cuvel,6k-a,5,1.000
stase,6k-a,5,1.000
canwo,6k-a,5,1.000
drues,6k-a,5,1.000
heaux,6k-a,5,0.950
rirer,6k-a,5,0.950
ylphs,6k-a,5,1.000
poves,6k-a,5,0.950
brirls,6k-a,6,0.975
tiacks,6k-a,6,1.000
jimers,6k-a,6,0.950
alsund,6k-a,6,1.000
ferged,6k-a,6,1.000
pablet,6k-a,6,1.000
chaxos,6k-a,6,0.974
maglip,6k-a,6,1.000
imenit,6k-a,6,1.000
sedish,6k-a,6,1.000
stooma,6k-a,6,0.974
sedave,6k-a,6,1.000
feeker,6k-a,6,0.974
praths,6k-a,6,1.000
issish,6k-a,6,1.000
unaste,6k-a,6,0.974
rirled,6k-a,6,1.000
indave,6k-a,6,1.000
camrin,6k-a,6,1.000
sertan,6k-a,6,1.000
emmied,6k-a,6,1.000
mierce,6k-a,6,1.000
argops,6k-a,6,1.000
remmas,6k-a,6,1.000
piming,6k-a,6,0.974
guntic,6k-a,6,1.000
rebits,6k-a,6,0.950
eassee,6k-a,6,1.000
carques,6k-a,7,1.000
taccate,6k-a,7,0.974
ninting,6k-a,7,1.000
servake,6k-a,7,1.000
detumns,6k-a,7,1.000
engosks,6k-a,7,1.000
brewpen,6k-a,7,0.974
bleller,6k-a,7,1.000
nueezet,6k-a,7,1.000
trybied,6k-a,7,1.000
detrops,6k-a,7,1.000
croader,6k-a,7,1.000
jellain,6k-a,7,1.000
eetseal,6k-a,7,1.000
rulbles,6k-a,7,0.950
sturker,6k-a,7,0.974
renfers,6k-a,7,1.000
skecked,6k-a,7,1.000
showlane,6k-a,8,0.950
uneights,6k-a,8,1.000
trittles,6k-a,8,0.950
damecote,6k-a,8,0.975
moursing,6k-a,8,0.950
stemcons,6k-a,8,0.974
chuscing,6k-a,8,1.000
prencing,6k-a,8,0.975
sninkers,6k-a,8,0.974
monseits,6k-a,8,1.000
goorherd,6k-a,8,1.000
bencemen,6k-a,8,0.974
teecaves,6k-a,8,1.000
litelier,6k-a,8,1.000
footpique,6k-a,9,0.975
pressbung,6k-a,9,1.000
priciedge,6k-a,9,1.000
garestose,6k-a,9,1.000
moultails,6k-a,9,1.000
clornbape,6k-a,9,1.000
untumphed,6k-a,9,0.974
navestate,6k-a,9,1.000
slangwide,6k-a,9,1.000
thingring,6k-a,9,1.000
montenced,6k-a,9,0.974
buckaired,6k-a,9,0.974
sploughott,6k-a,10,1.000
nethteenth,6k-a,10,0.950
gimpgriend,6k-a,10,1.000
dametailed,6k-a,10,1.000
thewsandth,6k-a,10,0.975
collaughts,6k-a,10,0.974
heatthrome,6k-a,10,1.000
toosepistes,6k-a,11,1.000
thusqueless,6k-a,11,1.000
struelchens,6k-a,11,1.000
bleatstains,6k-a,11,0.974
breadbrombs,6k-a,11,0.950
mireplights,6k-a,11,1.000
freirdships,6k-a,11,0.975
ceme,6k-b,4,1.000
tald,6k-b,4,1.000
omaw,6k-b,4,1.000
dwaw,6k-b,4,0.975
bipe,6k-b,4,0.974
twip,6k-b,4,0.950
spug,6k-b,4,0.974
nunt,6k-b,4,0.975
eaun,6k-b,4,1.000
paze,6k-b,4,0.987
eirs,6k-b,4,0.975
trut,6k-b,4,0.950
weme,6k-b,4,1.000
ezip,6k-b,4,1.000
guke,6k-b,4,1.000
tabc,6k-b,4,1.000
crad,6k-b,4,0.987
tirk,6k-b,4,0.975
adfle,6k-b,5,1.000
lirms,6k-b,5,1.000
dysts,6k-b,5,1.000
dizee,6k-b,5,0.974
wheak,6k-b,5,0.974
jempy,6k-b,5,1.000
flait,6k-b,5,1.000
cruce,6k-b,5,1.000
attag,6k-b,5,1.000
doods,6k-b,5,0.975
anopt,6k-b,5,1.000
plurl,6k-b,5,1.000
ibots,6k-b,5,1.000
nonds,6k-b,5,1.000
anwot,6k-b,5,1.000
flawl,6k-b,5,0.950
larse,6k-b,5,0.974
blill,6k-b,5,1.000
dinds,6k-b,5,1.000
sests,6k-b,5,0.975
ommure,6k-b,6,1.000
casied,6k-b,6,1.000
stozed,6k-b,6,0.975
besker,6k-b,6,0.950
mirwen,6k-b,6,1.000
mabdew,6k-b,6,1.000
thasly,6k-b,6,1.000
ictase,6k-b,6,0.974
niphit,6k-b,6,0.974
purter,6k-b,6,1.000
canfon,6k-b,6,0.975
mahoos,6k-b,6,0.974
narves,6k-b,6,0.975
ebrobe,6k-b,6,1.000
remios,6k-b,6,1.000
bannem,6k-b,6,1.000
spraft,6k-b,6,1.000
tincic,6k-b,6,1.000
wyturn,6k-b,6,1.000
schint,6k-b,6,0.950
occept,6k-b,6,0.974
gepped,6k-b,6,1.000
survern,6k-b,7,0.974
beshoon,6k-b,7,0.975
cansirs,6k-b,7,1.000
tompets,6k-b,7,1.000
scudged,6k-b,7,0.950
sneapee,6k-b,7,1.000
debocks,6k-b,7,0.950
trupios,6k-b,7,1.000
squsted,6k-b,7,1.000
cibslet,6k-b,7,1.000
coftard,6k-b,7,1.000
pesgert,6k-b,7,1.000
faltets,6k-b,7,1.000
cenflel,6k-b,7,1.000
dourner,6k-b,7,1.000
melouns,6k-b,7,1.000
phoefox,6k-b,7,1.000
riftine,6k-b,7,1.000
nalives,6k-b,7,0.975
suiwure,6k-b,7,1.000
vongles,6k-b,7,0.974
slobways,6k-b,8,0.974
obchedes,6k-b,8,1.000
cibjuits,6k-b,8,1.000
tinesman,6k-b,8,0.975
comblone,6k-b,8,1.000
stindies,6k-b,8,1.000
steckles,6k-b,8,1.000
woopends,6k-b,8,1.000
sawriacs,6k-b,8,1.000
trinding,6k-b,8,0.975
eyeglost,6k-b,8,1.000
omaninct,6k-b,8,1.000
phinsess,6k-b,8,1.000
flaukies,6k-b,8,1.000
plamenent,6k-b,9,0.975
malferred,6k-b,9,1.000
quifrains,6k-b,9,0.974
perklines,6k-b,9,0.974
platmorns,6k-b,9,1.000
claymirds,6k-b,9,1.000
knincedge,6k-b,9,1.000
porplasks,6k-b,9,1.000
knomsacks,6k-b,9,1.000
trishling,6k-b,9,1.000
groughbel,6k-b,9,1.000
snowslafts,6k-b,10,0.975
feastmouse,6k-b,10,1.000
trartgerse,6k-b,10,1.000
chaudecake,6k-b,10,1.000
comedrakes,6k-b,10,1.000
claughters,6k-b,10,0.950
constriors,6k-b,10,0.950
sharvelings,6k-b,11,0.975
checkraints,6k-b,11,0.975
prestrished,6k-b,11,1.000
clonebuncts,6k-b,11,1.000
thewsandths,6k-b,11,1.000
brideshooed,6k-b,11,0.974
