band	headword
1	a
1	also
1	back
1	billion
1	able
1	although
1	bad
1	bird
1	about
1	always
1	bag
1	birth
1	above
1	amaze
1	ball
1	bit
1	absolute
1	among
1	bank
1	black
1	accept
1	amount
1	bar
1	blood
1	across
1	and
1	base
1	blow
1	act
1	angry
1	basic
1	blue
1	actual
1	animal
1	bath
1	board
1	add
1	another
1	be
1	boat
1	address
1	answer
1	beach
1	body
1	admit
1	any
1	bear
1	bone
1	advertise
1	apart
1	beat
1	book
1	afford
1	apparent
1	beauty
1	boring
1	afraid
1	appear
1	because
1	born
1	after
1	area
1	become
1	both
1	afternoon
1	arm
1	bed
1	bother
1	again
1	around
1	before
1	bottle
1	against
1	arrange
1	begin
1	bottom
1	age
1	arrive
1	behind
1	box
1	ago
1	art
1	believe
1	boy
1	agree
1	as
1	below
1	bread
1	ahead
1	ashamed
1	beneath
1	break
1	air
1	ask
1	beside
1	breakfast
1	all
1	at
1	best
1	breath
1	allow
1	aunt
1	bet
1	bright
1	almost
1	autumn
1	better
1	bring
1	alone
1	aware
1	between
1	brother
1	along
1	away
1	beyond
1	brown
1	already
1	awful
1	big
1	build
1	alright
1	baby
1	bill
1	burn
1	bus
1	choose
1	corner
1	delicious
1	bush
1	christmas
1	cost
1	depend
1	business
1	church
1	could
1	die
1	busy
1	city
1	count
1	difference
1	but
1	class
1	country
1	different
1	buy
1	clean
1	couple
1	difficult
1	by
1	clear
1	course
1	dig
1	cake
1	climb
1	court
1	dinner
1	call
1	clock
1	cover
1	dirty
1	camp
1	close
1	crazy
1	discover
1	can
1	closed
1	crime
1	do
1	car
1	clothes
1	cross
1	doctor
1	card
1	club
1	cry
1	dog
1	care
1	coat
1	cup
1	door
1	carry
1	coffee
1	cut
1	double
1	case
1	cold
1	dad
1	doubt
1	cat
1	collect
1	dance
1	down
1	catch
1	college
1	danger
1	draw
1	cause
1	colour
1	dark
1	dream
1	centre
1	come
1	darling
1	dress
1	certain
1	comfort
1	date
1	drink
1	chair
1	company
1	daughter
1	drive
1	chance
1	complete
1	day
1	drop
1	change
1	computer
1	dead
1	drug
1	charge
1	concern
1	deal
1	dry
1	cheap
1	consider
1	dear
1	during
1	check
1	continue
1	death
1	each
1	chicken
1	control
1	decide
1	ear
1	child
1	conversation
1	deep
1	early
1	chip
1	cook
1	definite
1	earth
1	choice
1	cool
1	degree
1	east
1	easy
1	eye
1	five
1	gas
1	eat
1	face
1	fix
1	general
1	edge
1	fact
1	flat
1	gentle
1	educate
1	fair
1	floor
1	get
1	egg
1	fall
1	flower
1	girl
1	eight
1	family
1	fly
1	give
1	either
1	far
1	follow
1	glad
1	eleven
1	farm
1	food
1	glance
1	else
1	fast
1	foot
1	glass
1	employ
1	fat
1	football
1	go
1	empty
1	father
1	for
1	god
1	end
1	favourite
1	force
1	gold
1	engine
1	fear
1	forest
1	good
1	enjoy
1	feed
1	forget
1	goodbye
1	enough
1	feel
1	form
1	govern
1	enter
1	fellow
1	fortunate
1	grandfather
1	especially
1	few
1	forward
1	grass
1	even
1	field
1	four
1	great
1	evening
1	fight
1	free
1	green
1	ever
1	figure
1	freeze
1	grey
1	every
1	fill
1	fresh
1	ground
1	exact
1	film
1	friday
1	group
1	except
1	final
1	friend
1	grow
1	excite
1	find
1	fright
1	guess
1	excuse
1	fine
1	from
1	gun
1	expect
1	finger
1	front
1	guy
1	expensive
1	finish
1	full
1	hair
1	experience
1	fire
1	fun
1	half
1	explain
1	first
1	further
1	hall
1	express
1	fish
1	game
1	hand
1	extra
1	fit
1	garden
1	handle
1	hang
1	horrible
1	involve
1	lead
1	happen
1	horse
1	island
1	learn
1	happy
1	hospital
1	issue
1	least
1	hard
1	hot
1	it
1	leave
1	hardly
1	hour
1	job
1	left
1	hat
1	house
1	join
1	leg
1	hate
1	how
1	joke
1	less
1	have
1	however
1	judge
1	let
1	he
1	huge
1	jump
1	letter
1	head
1	human
1	just
1	level
1	health
1	hundred
1	keep
1	lie
1	hear
1	hunger
1	key
1	life
1	heart
1	hunt
1	kick
1	lift
1	heat
1	hurry
1	kid
1	light
1	heavy
1	hurt
1	kill
1	like
1	hell
1	husband
1	kind
1	line
1	hello
1	i
1	king
1	lip
1	help
1	ice
1	kiss
1	list
1	here
1	idea
1	kitchen
1	listen
1	hide
1	if
1	knock
1	little
1	high
1	imagine
1	know
1	live
1	hill
1	important
1	lady
1	load
1	history
1	in
1	lake
1	local
1	hit
1	indeed
1	land
1	lock
1	hold
1	inform
1	large
1	long
1	hole
1	inside
1	last
1	look
1	holiday
1	instead
1	late
1	lord
1	home
1	insure
1	laugh
1	lose
1	honest
1	interest
1	law
1	lot
1	honour
1	internet
1	lay
1	loud
1	hope
1	into
1	lazy
1	love
1	lovely
1	minute
1	never
1	old
1	low
1	miss
1	new
1	on
1	luck
1	mistake
1	news
1	once
1	lunch
1	mister
1	next
1	one
1	machine
1	moment
1	nice
1	only
1	mad
1	monday
1	night
1	open
1	main
1	money
1	nine
1	or
1	major
1	month
1	no
1	orange
1	make
1	more
1	nobody
1	order
1	man
1	morning
1	noise
1	other
1	manage
1	most
1	none
1	ought
1	many
1	mother
1	normal
1	out
1	mark
1	mountain
1	north
1	over
1	market
1	mouth
1	nose
1	own
1	marry
1	move
1	not
1	owned
1	master
1	movie
1	note
1	pack
1	matter
1	mrs
1	nothing
1	page
1	may
1	much
1	notice
1	pain
1	maybe
1	mum
1	now
1	paint
1	meal
1	music
1	number
1	pair
1	mean
1	must
1	nurse
1	paper
1	meet
1	name
1	obvious
1	pardon
1	member
1	nation
1	odd
1	parent
1	mention
1	nature
1	of
1	park
1	mess
1	naughty
1	off
1	part
1	middle
1	near
1	offer
1	particular
1	might
1	neat
1	office
1	party
1	mile
1	necessary
1	officer
1	pass
1	milk
1	neck
1	often
1	past
1	million
1	need
1	oil
1	pay
1	mind
1	neighbour
1	ok
1	penny
1	people
1	prison
1	recent
1	same
1	perfect
1	probably
1	record
1	saturday
1	perhaps
1	problem
1	red
1	save
1	person
1	programme
1	relate
1	say
1	photograph
1	promise
1	remember
1	scare
1	pick
1	proper
1	rent
1	school
1	picture
1	protect
1	reply
1	science
1	piece
1	public
1	report
1	sea
1	place
1	pull
1	responsible
1	seat
1	plan
1	push
1	rest
1	second
1	plant
1	put
1	return
1	secure
1	play
1	quarter
1	rich
1	see
1	please
1	queen
1	rid
1	seem
1	plenty
1	question
1	ride
1	self
1	plus
1	quick
1	right
1	sell
1	point
1	quiet
1	rights
1	send
1	police
1	quite
1	ring
1	sense
1	poor
1	rabbit
1	rise
1	serious
1	pop
1	race
1	river
1	serve
1	position
1	radio
1	road
1	service
1	possible
1	rain
1	rock
1	set
1	post
1	raise
1	roll
1	settle
1	pot
1	rate
1	room
1	seven
1	pound
1	rather
1	rough
1	several
1	power
1	reach
1	round
1	sex
1	prepare
1	read
1	rubbish
1	shake
1	present
1	ready
1	rule
1	shall
1	press
1	real
1	run
1	shape
1	pretty
1	realise
1	sad
1	share
1	price
1	really
1	safe
1	she
1	prince
1	reason
1	sail
1	ship
1	shirt
1	slow
1	stay
1	swim
1	shoe
1	small
1	steal
1	system
1	shoot
1	smell
1	step
1	table
1	shop
1	smile
1	stick
1	tail
1	short
1	smoke
1	still
1	take
1	should
1	snow
1	stone
1	talk
1	shoulder
1	so
1	stop
1	tall
1	shout
1	soft
1	store
1	tape
1	show
1	some
1	story
1	taste
1	shut
1	son
1	straight
1	tax
1	shy
1	song
1	strange
1	tea
1	sick
1	soon
1	street
1	teach
1	side
1	sorry
1	strike
1	team
1	sight
1	sort
1	strong
1	tear
1	sign
1	sound
1	student
1	telephone
1	silly
1	south
1	study
1	television
1	simple
1	space
1	stuff
1	tell
1	since
1	speak
1	stupid
1	ten
1	sing
1	special
1	subject
1	tend
1	single
1	spend
1	such
1	term
1	sir
1	sport
1	sudden
1	terrible
1	sister
1	spot
1	suggest
1	test
1	sit
1	spring
1	suit
1	than
1	situation
1	square
1	summer
1	thank
1	six
1	stage
1	sun
1	that
1	size
1	stand
1	sunday
1	the
1	skin
1	star
1	support
1	then
1	sky
1	stare
1	suppose
1	there
1	sleep
1	start
1	sure
1	they
1	slight
1	state
1	surprise
1	thick
1	slip
1	station
1	sweet
1	thing
1	think
1	travel
1	voice
1	while
1	thirst
1	treat
1	wait
1	white
1	thirteen
1	tree
1	wake
1	who
1	thirty
1	trip
1	walk
1	whole
1	this
1	trouble
1	wall
1	why
1	though
1	true
1	want
1	wide
1	thousand
1	trust
1	war
1	wife
1	three
1	truth
1	warm
1	wild
1	throat
1	try
1	wash
1	will
1	through
1	tuesday
1	waste
1	win
1	throw
1	turn
1	watch
1	wind
1	thursday
1	twelve
1	water
1	window
1	tie
1	twenty
1	wave
1	wine
1	tight
1	two
1	way
1	winter
1	till
1	type
1	we
1	wish
1	time
1	ugly
1	wear
1	with
1	tire
1	uncle
1	weather
1	within
1	to
1	under
1	web
1	without
1	today
1	underneath
1	wed
1	woman
1	together
1	understand
1	wednesday
1	wonder
1	tomorrow
1	unless
1	week
1	wood
1	tonight
1	until
1	weight
1	word
1	too
1	up
1	well
1	work
1	tooth
1	upon
1	west
1	world
1	top
1	use
1	wet
1	worry
1	total
1	usual
1	what
1	worse
1	touch
1	van
1	wheel
1	worth
1	toward
1	very
1	when
1	would
1	town
1	video
1	where
1	write
1	track
1	view
1	whether
1	wrong
1	train
1	visit
1	which
1	yard
1	year
1	yellow
1	yes
1	yesterday
1	yet
1	you
1	young
1	zero
2	accent
2	apartment
2	awake
2	bite
2	access
2	appeal
2	awkward
2	bitter
2	accident
2	apple
2	background
2	blame
2	according
2	apply
2	bacon
2	blank
2	account
2	appoint
2	bake
2	blanket
2	accuse
2	appreciate
2	balance
2	bleed
2	ace
2	approach
2	banana
2	bless
2	active
2	april
2	band
2	blind
2	adapt
2	argue
2	bang
2	block
2	admire
2	army
2	bare
2	blonde
2	adult
2	arrest
2	bark
2	bloom
2	advance
2	article
2	basis
2	boil
2	advantage
2	aside
2	basket
2	bomb
2	adventure
2	asleep
2	bat
2	bond
2	advice
2	assist
2	battery
2	boom
2	advise
2	associate
2	battle
2	boot
2	affair
2	assume
2	bay
2	borrow
2	affect
2	assure
2	bean
2	boss
2	agent
2	atmosphere
2	bee
2	bounce
2	aid
2	attach
2	beef
2	bow
2	alarm
2	attack
2	beer
2	bowl
2	alcohol
2	attempt
2	beg
2	brain
2	alive
2	attend
2	bell
2	brake
2	alter
2	attention
2	belong
2	branch
2	altogether
2	attitude
2	belt
2	brand
2	amuse
2	attract
2	bend
2	brave
2	angel
2	august
2	benefit
2	breast
2	anger
2	automatic
2	bike
2	breathe
2	announce
2	available
2	bin
2	breed
2	annoy
2	average
2	bind
2	brick
2	anxious
2	avoid
2	biscuit
2	bridge
2	brief
2	castle
2	cliff
2	cop
2	brilliant
2	casual
2	clip
2	cope
2	broad
2	ceiling
2	cloth
2	copy
2	brush
2	cent
2	cloud
2	correct
2	buck
2	centimetre
2	clue
2	cottage
2	bucket
2	century
2	coach
2	cotton
2	bug
2	chain
2	coal
2	cough
2	bump
2	challenge
2	coast
2	council
2	bunch
2	champion
2	combine
2	counter
2	burst
2	channel
2	command
2	county
2	bury
2	chapter
2	comment
2	cousin
2	butter
2	character
2	commerce
2	cow
2	button
2	charm
2	commit
2	crack
2	cable
2	chase
2	committee
2	crash
2	cage
2	chat
2	common
2	crawl
2	calculate
2	cheat
2	community
2	cream
2	calm
2	cheek
2	compare
2	create
2	camera
2	cheer
2	competition
2	creature
2	canoe
2	cheese
2	complain
2	credit
2	cans
2	chest
2	complicate
2	creep
2	cap
2	chew
2	concentrate
2	criminal
2	capable
2	chief
2	condition
2	crisp
2	cape
2	chocolate
2	confuse
2	crowd
2	capital
2	chop
2	connect
2	crown
2	captain
2	cigarette
2	conscious
2	cruel
2	career
2	circle
2	constant
2	culture
2	carpet
2	circumstance
2	contact
2	cure
2	carrot
2	citizen
2	contain
2	curious
2	cart
2	claim
2	contract
2	curl
2	cash
2	classic
2	contribute
2	current
2	cast
2	clever
2	convince
2	customer
2	damage
2	directed
2	edit
2	examine
2	dare
2	direction
2	effect
2	example
2	dawn
2	disappear
2	effort
2	excellent
2	debt
2	disappoint
2	elder
2	exchange
2	december
2	discipline
2	elect
2	exercise
2	decent
2	discuss
2	electric
2	exhaust
2	decision
2	disease
2	elephant
2	exist
2	deck
2	disgust
2	email
2	expense
2	decorate
2	dish
2	embarrass
2	expose
2	defence
2	distance
2	emotion
2	extend
2	delight
2	district
2	empire
2	extreme
2	deliver
2	disturb
2	encourage
2	fail
2	demand
2	dive
2	enemy
2	faint
2	deny
2	divide
2	energy
2	fairy
2	department
2	divorce
2	engage
2	faith
2	depress
2	doll
2	engineer
2	familiar
2	describe
2	dollar
2	enormous
2	famous
2	desert
2	dozen
2	entertain
2	fan
2	deserve
2	drag
2	entire
2	fancy
2	design
2	dragon
2	envelope
2	fantastic
2	desire
2	drama
2	environment
2	fascinate
2	desk
2	drawer
2	equal
2	fashion
2	desperate
2	drum
2	equipment
2	fault
2	destroy
2	duck
2	escape
2	favour
2	detail
2	due
2	establish
2	feather
2	detect
2	dump
2	estate
2	feature
2	determine
2	dust
2	event
2	february
2	develop
2	duty
2	eventually
2	female
2	diet
2	earn
2	evidence
2	fence
2	dine
2	ease
2	evil
2	fetch
2	direct
2	economy
2	exam
2	file
2	finance
2	garage
2	hedge
2	instance
2	firm
2	gate
2	height
2	instant
2	flag
2	gather
2	hero
2	instruct
2	flame
2	gay
2	hesitate
2	instrument
2	flash
2	gear
2	hire
2	intend
2	flight
2	generation
2	hobby
2	intense
2	flip
2	gentleman
2	honey
2	intent
2	float
2	ghost
2	hook
2	interrupt
2	flood
2	giant
2	hotel
2	interview
2	flow
2	gift
2	identify
2	introduce
2	fold
2	glory
2	idiot
2	investigate
2	folk
2	goal
2	ignore
2	invite
2	fool
2	golf
2	ill
2	iron
2	foreign
2	gorgeous
2	illustrate
2	item
2	forgive
2	grab
2	image
2	jacket
2	forth
2	grace
2	immediate
2	jam
2	fortnight
2	grade
2	impress
2	january
2	fortune
2	grand
2	improve
2	jaw
2	fox
2	grant
2	inch
2	jeans
2	frame
2	grin
2	include
2	journey
2	frankly
2	grocer
2	income
2	joy
2	frog
2	guarantee
2	increase
2	juice
2	frost
2	guard
2	incredible
2	july
2	fruit
2	guest
2	indicate
2	june
2	frustrate
2	guide
2	individual
2	junior
2	fry
2	guilty
2	industry
2	justice
2	fund
2	habit
2	influence
2	keen
2	fur
2	handy
2	injure
2	kilometre
2	furniture
2	harm
2	innocent
2	kindly
2	future
2	heap
2	insist
2	knee
2	gain
2	heaven
2	inspect
2	knife
2	knit
2	loss
2	metre
2	nervous
2	knowledge
2	lower
2	microwave
2	nest
2	laboratory
2	lump
2	military
2	newspaper
2	labour
2	magazine
2	mill
2	non
2	lack
2	magic
2	minister
2	nor
2	lamb
2	mail
2	minor
2	northern
2	lamp
2	maintain
2	minus
2	november
2	lane
2	male
2	mirror
2	nowhere
2	language
2	mama
2	mission
2	nut
2	lasted
2	manner
2	mix
2	oak
2	lawn
2	map
2	model
2	object
2	lawyer
2	march
2	modern
2	observe
2	league
2	marvel
2	monkey
2	occasion
2	lean
2	mask
2	mood
2	occur
2	leap
2	mass
2	moon
2	october
2	legal
2	massive
2	motor
2	official
2	lend
2	match
2	mount
2	onion
2	length
2	mate
2	mouse
2	operate
2	lesson
2	material
2	mow
2	opinion
2	library
2	mathematics
2	mud
2	opportunity
2	licence
2	maximum
2	murder
2	oppose
2	lid
2	measure
2	muscle
2	opposite
2	lightly
2	meat
2	mystery
2	option
2	likely
2	medical
2	nail
2	ordinary
2	limit
2	medicine
2	nanny
2	organize
2	lion
2	melt
2	narrow
2	original
2	loan
2	memory
2	nasty
2	otherwise
2	locate
2	mental
2	native
2	oven
2	log
2	merry
2	navy
2	owe
2	lone
2	message
2	neither
2	pan
2	loose
2	metal
2	nerve
2	panic
2	partner
2	pleasant
2	previous
2	quit
2	pat
2	pleasure
2	pride
2	quote
2	patch
2	plug
2	prime
2	range
2	path
2	pocket
2	print
2	rapid
2	patient
2	poem
2	privacy
2	rare
2	pattern
2	poet
2	private
2	rat
2	pause
2	poison
2	process
2	ray
2	peace
2	pole
2	produce
2	react
2	pen
2	policy
2	product
2	recall
2	pension
2	polish
2	profession
2	receive
2	per
2	polite
2	progress
2	recipe
2	percent
2	politics
2	project
2	reckon
2	perform
2	pollute
2	pronounce
2	recognize
2	period
2	pool
2	property
2	recommend
2	pet
2	popular
2	propose
2	recover
2	physical
2	population
2	protest
2	reduce
2	piano
2	port
2	proud
2	refer
2	pie
2	positive
2	prove
2	refrigerator
2	pig
2	possess
2	provide
2	refuse
2	pile
2	potato
2	pub
2	regard
2	pin
2	pour
2	pudding
2	region
2	pine
2	practical
2	pump
2	register
2	pink
2	practise
2	punch
2	regular
2	pipe
2	pray
2	punish
2	relax
2	pitch
2	prefer
2	pup
2	release
2	pity
2	pregnant
2	purchase
2	relief
2	plain
2	president
2	pure
2	rely
2	plane
2	pressure
2	purple
2	remain
2	planet
2	presume
2	purpose
2	remark
2	plastic
2	pretend
2	qualify
2	remind
2	plate
2	prevent
2	quality
2	remove
2	repair
2	salad
2	sew
2	smash
2	repeat
2	salary
2	shade
2	smooth
2	replace
2	sale
2	shadow
2	snake
2	represent
2	salt
2	shame
2	snap
2	require
2	sand
2	sharp
2	social
2	research
2	sandwich
2	shave
2	society
2	reserve
2	satisfy
2	shed
2	sock
2	resist
2	sauce
2	sheep
2	soil
2	respect
2	sausage
2	sheet
2	soldier
2	restaurant
2	scale
2	shelf
2	solid
2	result
2	scene
2	shell
2	somewhat
2	retire
2	schedule
2	shelter
2	sore
2	rice
2	score
2	shift
2	sorted
2	ridiculous
2	scratch
2	shine
2	soul
2	rip
2	scream
2	shiver
2	soup
2	risk
2	screen
2	shock
2	southern
2	roar
2	screw
2	shore
2	spare
2	rob
2	seal
2	shove
2	species
2	role
2	search
2	shower
2	specific
2	roof
2	season
2	signal
2	speech
2	root
2	seconds
2	silence
2	speed
2	rope
2	secret
2	silver
2	spell
2	rot
2	section
2	similar
2	spin
2	row
2	seed
2	sink
2	spirit
2	royal
2	seek
2	site
2	split
2	rub
2	select
2	ski
2	spoil
2	rude
2	senior
2	skill
2	spray
2	ruin
2	sentence
2	skirt
2	spread
2	rush
2	separate
2	slave
2	stable
2	saint
2	september
2	slide
2	staff
2	sake
2	series
2	smart
2	stairs
2	stamp
2	survive
2	title
2	unite
2	standard
2	suspect
2	toast
2	university
2	starve
2	suspicion
2	toe
2	upper
2	states
2	swallow
2	toilet
2	upset
2	steady
2	swear
2	tomato
2	valley
2	steak
2	sweep
2	tone
2	value
2	steam
2	swing
2	tongue
2	various
2	steel
2	switch
2	tool
2	vary
2	stiff
2	sword
2	topic
2	vegetable
2	stir
2	tale
2	tough
2	vehicle
2	stock
2	tank
2	tour
2	version
2	stomach
2	tap
2	towel
2	victim
2	storm
2	taxi
2	tower
2	village
2	strawberry
2	tease
2	toy
2	violent
2	stream
2	technology
2	trace
2	vote
2	strength
2	teenage
2	trade
2	wage
2	stress
2	tempt
2	tradition
2	wander
2	stretch
2	tense
2	traffic
2	warn
2	string
2	tent
2	transfer
2	weak
2	strip
2	th
2	trap
2	weapon
2	stroke
2	theatre
2	tray
2	weed
2	struggle
2	therefore
2	trial
2	weird
2	style
2	thief
2	trick
2	welcome
2	success
2	thin
2	truck
2	western
2	suck
2	threat
2	trunk
2	whereas
2	suffer
2	thus
2	tune
2	whip
2	sugar
2	ticket
2	twin
2	whistle
2	super
2	tide
2	twist
2	wicked
2	supply
2	tin
2	typical
2	wing
2	surface
2	tiny
2	union
2	wipe
2	surround
2	tip
2	unit
2	wire
2	wise
2	witness
2	wolf
2	wool
2	worm
2	wound
2	wrap
2	yell
3	abandon
3	affection
3	architect
3	bias
3	abort
3	affirm
3	architecture
3	bible
3	abroad
3	agency
3	arise
3	bid
3	absence
3	agenda
3	armed
3	biological
3	absorb
3	aggressive
3	aspect
3	bishop
3	abstract
3	agriculture
3	assault
3	blast
3	abuse
3	aim
3	assemble
3	blend
3	academy
3	aircraft
3	assembly
3	boost
3	accelerate
3	airline
3	assert
3	border
3	accommodate
3	album
3	assess
3	boundary
3	accompany
3	alert
3	asset
3	broadcast
3	accomplish
3	alien
3	assign
3	budget
3	accountable
3	allege
3	assumption
3	burden
3	accumulate
3	alliance
3	athlete
3	bureau
3	accurate
3	allocate
3	atom
3	cabinet
3	ache
3	ally
3	attribute
3	campaign
3	achieve
3	alongside
3	audience
3	cancel
3	acknowledge
3	alternative
3	audit
3	cancer
3	acquire
3	amend
3	author
3	candidate
3	acquisition
3	analyse
3	authorise
3	capacity
3	acre
3	analyst
3	authority
3	capture
3	addict
3	ancient
3	award
3	carbon
3	adequate
3	angle
3	bacterium
3	carve
3	adjust
3	annual
3	ban
3	catalogue
3	administration
3	anticipate
3	bargain
3	category
3	administrative
3	anxiety
3	barrier
3	catholic
3	administrator
3	apology
3	beam
3	cattle
3	admission
3	appropriate
3	behave
3	cease
3	adolescent
3	approve
3	behaviour
3	celebrate
3	adopt
3	approximate
3	belief
3	cell
3	advocate
3	archaeology
3	bench
3	ceremony
3	chairman
3	commission
3	congress
3	core
3	chamber
3	communicate
3	consent
3	corporate
3	characteristic
3	communist
3	consequence
3	correlate
3	charity
3	companion
3	consequent
3	correspond
3	chart
3	compensate
3	conservative
3	correspondent
3	charter
3	compete
3	conserve
3	corridor
3	chemical
3	competent
3	considerable
3	corrupt
3	chill
3	complaint
3	consist
3	counsel
3	circuit
3	complex
3	consistent
3	courage
3	circulate
3	component
3	constitute
3	craft
3	cite
3	compose
3	constitution
3	crew
3	civil
3	compound
3	constrain
3	crisis
3	civilian
3	comprehensive
3	construct
3	criteria
3	civilise
3	comprise
3	consult
3	critic
3	clarify
3	compromise
3	consume
3	criticise
3	clause
3	conceive
3	consumption
3	criticism
3	client
3	concept
3	contemporary
3	crop
3	climate
3	concert
3	contend
3	crucial
3	clinic
3	conclude
3	content
3	cruise
3	cluster
3	conclusion
3	contest
3	crush
3	coalition
3	concrete
3	context
3	crystal
3	code
3	condemn
3	continent
3	currency
3	coin
3	conduct
3	contradict
3	curriculum
3	coincide
3	confer
3	contrast
3	curtain
3	collaborate
3	confess
3	controversy
3	curve
3	collapse
3	confidence
3	convention
3	custom
3	colleague
3	confident
3	convert
3	cycle
3	colony
3	confine
3	convey
3	damn
3	column
3	confirm
3	convict
3	damp
3	combat
3	conflict
3	cooperate
3	data
3	comedy
3	confront
3	coordinate
3	database
3	debate
3	dictate
3	dominate
3	enhance
3	decade
3	differ
3	donate
3	ensure
3	declare
3	digital
3	dose
3	enterprise
3	decline
3	dimension
3	draft
3	enthusiasm
3	decrease
3	diplomat
3	drain
3	enthusiastic
3	dedicate
3	disabled
3	drift
3	entitle
3	defeat
3	disagree
3	drill
3	entrance
3	defend
3	disaster
3	duke
3	entry
3	defendant
3	disc
3	eager
3	episode
3	deficit
3	discharge
3	eastern
3	equation
3	define
3	discount
3	echo
3	equivalent
3	delay
3	discourse
3	edition
3	era
3	delegate
3	discreet
3	effective
3	error
3	deliberate
3	discriminate
3	efficient
3	essay
3	democracy
3	dismiss
3	elaborate
3	essential
3	democrat
3	disorder
3	electronic
3	estimate
3	demonstrate
3	display
3	element
3	etc
3	dense
3	dispose
3	elevate
3	ethnic
3	depict
3	dispute
3	eliminate
3	evaluate
3	deposit
3	disrupt
3	elite
3	evident
3	deputy
3	distant
3	embrace
3	evolution
3	derive
3	distinct
3	emerge
3	evolve
3	descend
3	distinguish
3	emergency
3	exceed
3	description
3	distribute
3	emit
3	exception
3	designate
3	diverse
3	emphasis
3	excess
3	despite
3	division
3	emphasise
3	exclude
3	destruction
3	dna
3	enable
3	exclusive
3	devastate
3	doctrine
3	encounter
3	execute
3	device
3	document
3	endorse
3	executive
3	devote
3	domestic
3	endure
3	exhibit
3	dialogue
3	dominant
3	enforce
3	expand
3	expansion
3	fibre
3	gap
3	heal
3	expenditure
3	fiction
3	gaze
3	heel
3	experiment
3	fierce
3	gender
3	hence
3	expert
3	filter
3	gene
3	heritage
3	explicit
3	firms
3	generate
3	highlight
3	exploit
3	flavour
3	generous
3	highway
3	explore
3	flee
3	genetic
3	hint
3	explosion
3	flesh
3	genuine
3	hip
3	export
3	flexible
3	geography
3	holy
3	extension
3	focus
3	gesture
3	horror
3	extensive
3	forecast
3	global
3	host
3	extent
3	formal
3	glow
3	hostile
3	external
3	format
3	goods
3	household
3	extract
3	formation
3	gradual
3	humour
3	extraordinary
3	former
3	graduate
3	hypothesis
3	fabric
3	formula
3	grain
3	ideal
3	facilitate
3	foster
3	graphic
3	ideology
3	facility
3	foundation
3	grasp
3	immigrant
3	factor
3	founded
3	grateful
3	immune
3	factory
3	fragment
3	grave
3	impact
3	faculty
3	framework
3	gravity
3	imperial
3	fade
3	frequency
3	greet
3	implement
3	failure
3	frequent
3	grip
3	implicate
3	false
3	fuel
3	gross
3	imply
3	fantasy
3	fulfil
3	guideline
3	import
3	fate
3	function
3	guitar
3	importance
3	federal
3	fundamental
3	halt
3	impose
3	fee
3	funeral
3	harbor
3	impression
3	feminist
3	furthermore
3	harsh
3	incentive
3	fertile
3	gallery
3	hazard
3	incident
3	festival
3	gang
3	headquarters
3	incorporate
3	independence
3	interpret
3	liberty
3	migrate
3	independent
3	intervene
3	likeness
3	mild
3	index
3	intimate
3	link
3	miner
3	inevitable
3	invasion
3	liquid
3	minimum
3	infant
3	invent
3	literal
3	ministry
3	infect
3	invest
3	literary
3	missile
3	inflate
3	irony
3	literature
3	mixture
3	ingredient
3	isolate
3	lobby
3	mobile
3	inhabit
3	jail
3	lodge
3	mode
3	inherit
3	jet
3	logic
3	moderate
3	initial
3	joint
3	loyal
3	modest
3	initiate
3	journal
3	luxury
3	modify
3	inject
3	journalist
3	magnet
3	module
3	innovate
3	jury
3	majority
3	molecule
3	input
3	justify
3	manifest
3	monitor
3	inquire
3	label
3	manipulate
3	monster
3	insert
3	landscape
3	manual
3	moral
3	insight
3	latter
3	manufacture
3	moreover
3	inspire
3	laughter
3	margin
3	mortal
3	install
3	launch
3	marine
3	mortgage
3	instinct
3	layer
3	mature
3	motion
3	institute
3	leak
3	mayor
3	motive
3	institution
3	lease
3	meanwhile
3	multiple
3	integrate
3	leather
3	mechanic
3	museum
3	intellectual
3	lecture
3	mechanism
3	mutual
3	intelligence
3	legend
3	media
3	myth
3	interact
3	legislate
3	medium
3	naked
3	interfere
3	legitimate
3	menu
3	narrate
3	interior
3	liable
3	mere
3	negative
3	internal
3	liberal
3	merge
3	neglect
3	international
3	liberate
3	method
3	negotiate
3	net
3	overcome
3	persist
3	principal
3	network
3	overlook
3	personality
3	principle
3	neutral
3	overseas
3	personnel
3	prior
3	nevertheless
3	overwhelm
3	perspective
3	priority
3	nod
3	pace
3	persuade
3	privilege
3	nominate
3	pad
3	petrol
3	prize
3	notion
3	palace
3	phase
3	probe
3	novel
3	pale
3	phenomenon
3	procedure
3	nuclear
3	palm
3	philosophy
3	proceed
3	numerous
3	panel
3	phrase
3	professor
3	objected
3	paragraph
3	pilot
3	profile
3	objective
3	parallel
3	pit
3	profit
3	oblige
3	parish
3	platform
3	profound
3	obtain
3	parliament
3	plot
3	prohibit
3	occupation
3	participant
3	poll
3	prominent
3	occupy
3	participate
3	portion
3	promote
3	ocean
3	passage
3	portrait
3	prompt
3	offence
3	passenger
3	pose
3	proof
3	offend
3	passion
3	potential
3	proportion
3	opera
3	patients
3	poverty
3	prosecute
3	opponent
3	pave
3	powder
3	prospect
3	oral
3	peak
3	practitioner
3	prosper
3	organ
3	peasant
3	praise
3	protein
3	organic
3	peer
3	precede
3	province
3	oriented
3	penalty
3	precise
3	provision
3	origin
3	pepper
3	predict
3	provoke
3	outcome
3	perceive
3	premise
3	psychiatry
3	outline
3	perception
3	presence
3	psychology
3	output
3	permanent
3	preserve
3	publication
3	outrage
3	permission
3	priest
3	publish
3	overall
3	permit
3	primary
3	pupil
3	pursue
3	relative
3	retreat
3	segment
3	puzzle
3	relatives
3	reveal
3	seize
3	quantity
3	relevant
3	revenue
3	senate
3	racial
3	relieve
3	reverse
3	senses
3	radiate
3	religion
3	review
3	sensible
3	radical
3	religious
3	revise
3	sensitive
3	rage
3	reluctant
3	revive
3	sequence
3	raid
3	remedy
3	revolution
3	session
3	rail
3	remote
3	reward
3	severe
3	rally
3	render
3	rhythm
3	shield
3	random
3	reproduce
3	ritual
3	shortly
3	rank
3	republic
3	rival
3	shrug
3	rape
3	reputation
3	romantic
3	sigh
3	ratio
3	request
3	route
3	significance
3	rational
3	rescue
3	routine
3	significant
3	raw
3	resemble
3	rumour
3	silent
3	rear
3	reside
3	rural
3	silk
3	rebel
3	resign
3	sacrifice
3	simultaneous
3	receiver
3	resolution
3	sample
3	sin
3	reception
3	resolve
3	sanction
3	slice
3	recession
3	resort
3	satellite
3	slope
3	recognition
3	resource
3	satisfaction
3	software
3	recruit
3	respective
3	scan
3	sole
3	reflect
3	respond
3	scandal
3	solution
3	reform
3	response
3	scatter
3	solve
3	refuge
3	restore
3	scheme
3	sophisticated
3	regime
3	restrain
3	scholar
3	source
3	regret
3	restrict
3	scope
3	sovereign
3	regulate
3	resume
3	sculpt
3	specify
3	reinforce
3	retail
3	secretary
3	speculate
3	reject
3	retain
3	sector
3	spill
3	sponsor
3	supervise
3	thorough
3	universe
3	squeeze
3	supplement
3	thrill
3	update
3	stain
3	supreme
3	tissue
3	urban
3	stake
3	surgery
3	ton
3	urge
3	statistic
3	survey
3	toss
3	urgent
3	status
3	suspend
3	tournament
3	utility
3	statute
3	sustain
3	tragedy
3	vague
3	stem
3	sweat
3	trail
3	valid
3	stimulate
3	swell
3	transact
3	variety
3	strain
3	symbol
3	transform
3	vast
3	strategy
3	sympathy
3	transition
3	venture
3	strict
3	symptom
3	translate
3	versus
3	structure
3	tackle
3	transmit
3	vessel
3	studio
3	tactic
3	transport
3	veteran
3	stun
3	talent
3	treasure
3	via
3	submit
3	target
3	treaty
3	vice
3	subsequent
3	task
3	tremendous
3	victory
3	subsidy
3	technical
3	trend
3	violate
3	substance
3	technique
3	tribe
3	violence
3	substantial
3	temperature
3	trigger
3	virtual
3	substitute
3	temporary
3	triumph
3	virtue
3	subtle
3	tender
3	troop
3	virus
3	suburb
3	tennis
3	tube
3	visible
3	succeed
3	territory
3	tunnel
3	vision
3	succession
3	terror
3	ultimate
3	visual
3	sufficient
3	text
3	undergo
3	vital
3	suicide
3	theme
3	underlie
3	volume
3	sum
3	theoretical
3	undertake
3	voluntary
3	summary
3	theory
3	uniform
3	volunteer
3	summit
3	therapy
3	unique
3	vulnerable
3	superior
3	thereby
3	unity
3	wealth
3	weave
3	weigh
3	welfare
3	whisper
3	withdraw
3	yield
3	youth
3	zone
4	abnormal
4	ambulance
4	auction
4	biology
4	aboard
4	amid
4	audio
4	bizarre
4	abrupt
4	ancestor
4	authentic
4	blade
4	absent
4	anchor
4	automobile
4	blaze
4	absurd
4	animate
4	autonomy
4	blink
4	abundant
4	ankle
4	avenue
4	blur
4	acid
4	anniversary
4	await
4	boarder
4	accountant
4	anonymous
4	axe
4	boast
4	accustom
4	anthropology
4	aye
4	bold
4	acquaint
4	antique
4	ballet
4	bolt
4	activate
4	appal
4	balloon
4	bonus
4	acute
4	applicable
4	ballot
4	booking
4	adhere
4	applicant
4	bankrupt
4	bounds
4	adjacent
4	appraise
4	barn
4	boxed
4	administer
4	arch
4	barrel
4	brass
4	adverse
4	archive
4	baseball
4	breach
4	aesthetic
4	arena
4	basement
4	breeze
4	affiliate
4	armour
4	basin
4	brew
4	aggression
4	arouse
4	bass
4	bride
4	agony
4	array
4	bastard
4	briefed
4	align
4	arrogant
4	bathe
4	broker
4	alike
4	arrow
4	battered
4	bronze
4	alley
4	articulate
4	bead
4	bruise
4	alpha
4	artificial
4	beard
4	brute
4	alternate
4	ash
4	beast
4	bubble
4	aluminium
4	aspire
4	behalf
4	bulb
4	amateur
4	assassin
4	belly
4	bulk
4	ambassador
4	astonish
4	beneficial
4	bull
4	ambiguous
4	astronomy
4	betray
4	bullet
4	ambition
4	attain
4	bicycle
4	bully
4	ambitious
4	attorney
4	biography
4	bundle
4	bureaucracy
4	chancellor
4	commodity
4	contempt
4	bureaucrat
4	chaos
4	commute
4	contingent
4	butterfly
4	chapel
4	compact
4	contrary
4	buzz
4	chef
4	comparative
4	convenience
4	cab
4	chemistry
4	compatible
4	convenient
4	cabin
4	chin
4	compel
4	conversion
4	cafe
4	choir
4	competence
4	copper
4	calendar
4	choke
4	compile
4	copyright
4	calorie
4	cholesterol
4	complement
4	cord
4	campus
4	chronic
4	compliance
4	corn
4	canal
4	chronicle
4	comply
4	corps
4	candle
4	chunk
4	comprehend
4	costume
4	canvas
4	cinema
4	compress
4	couch
4	capitalism
4	civic
4	con
4	counterpart
4	capitalist
4	clash
4	conceal
4	coup
4	cargo
4	classification
4	concede
4	courtesy
4	carriage
4	classify
4	concession
4	credible
4	cartoon
4	clay
4	confidential
4	critique
4	casualty
4	clerk
4	configure
4	crude
4	cater
4	click
4	conform
4	crumble
4	cathedral
4	cling
4	congratulate
4	crust
4	caution
4	clone
4	congregate
4	cube
4	cautious
4	closure
4	conscience
4	cult
4	cave
4	clutch
4	consensus
4	cultivate
4	celebrity
4	coffin
4	consistency
4	curse
4	cemetery
4	cognitive
4	console
4	custody
4	censor
4	coherent
4	consolidate
4	cynical
4	census
4	collar
4	conspiracy
4	dam
4	certificate
4	colonel
4	constituency
4	dash
4	certify
4	comic
4	contaminate
4	deadline
4	champagne
4	commentator
4	contemplate
4	deaf
4	debut
4	dial
4	dome
4	entity
4	decay
4	diameter
4	donor
4	entrepreneur
4	decisive
4	diamond
4	dot
4	envy
4	deduct
4	diary
4	drip
4	equity
4	deem
4	dictionary
4	drown
4	erect
4	deer
4	differentiate
4	dual
4	erupt
4	defect
4	digest
4	dull
4	escort
4	defer
4	dignity
4	duration
4	essence
4	deficiency
4	dilemma
4	dwell
4	et
4	defy
4	dim
4	dynamic
4	ethical
4	delicate
4	diminish
4	eagle
4	ethics
4	demography
4	dioxide
4	earl
4	evacuate
4	depart
4	dip
4	ecological
4	eve
4	departure
4	disadvantage
4	ego
4	evenly
4	dependence
4	discard
4	elbow
4	evoke
4	deploy
4	disclose
4	electron
4	exaggerate
4	deprive
4	disclosure
4	elegant
4	excavate
4	despair
4	discourage
4	elementary
4	exclaim
4	despatch
4	disguise
4	eligible
4	exclusion
4	destination
4	disperse
4	embassy
4	exempt
4	destiny
4	displace
4	embody
4	exert
4	detach
4	dissolve
4	emperor
4	exile
4	detain
4	distort
4	empirical
4	exit
4	deter
4	distract
4	enact
4	exotic
4	deteriorate
4	distress
4	enclose
4	expedition
4	devil
4	dividend
4	endeavour
4	expertise
4	devise
4	divine
4	endow
4	explode
4	diabetes
4	dock
4	enlarge
4	eyebrow
4	diagnose
4	documentary
4	enlighten
4	faction
4	diagnosis
4	dolphin
4	enrich
4	fake
4	diagram
4	domain
4	enrol
4	fame
4	fare
4	forum
4	glue
4	heir
4	fatal
4	fossil
4	goat
4	helicopter
4	fax
4	foul
4	gospel
4	helmet
4	federate
4	fraction
4	gossip
4	herb
4	feminine
4	fracture
4	graph
4	herd
4	ferry
4	fragile
4	gravel
4	hierarchy
4	fever
4	franchise
4	graze
4	hollow
4	fined
4	fraud
4	grease
4	homosexual
4	fiscal
4	fringe
4	greed
4	hood
4	fist
4	frontier
4	greenhouse
4	hop
4	flank
4	frown
4	grid
4	horizon
4	flap
4	furious
4	grief
4	horizontal
4	flaw
4	furnish
4	grill
4	hormone
4	fleet
4	fuse
4	grim
4	horn
4	flick
4	galaxy
4	grind
4	hostage
4	flicker
4	gallon
4	guardian
4	hug
4	fling
4	gamble
4	guerilla
4	humble
4	flock
4	garlic
4	gulf
4	humiliate
4	flour
4	gasp
4	gut
4	hurricane
4	flourish
4	gauge
4	habitat
4	hut
4	fluid
4	genius
4	hammer
4	hybrid
4	flush
4	genre
4	handicap
4	hydrogen
4	fog
4	geology
4	handsome
4	identical
4	fond
4	geometry
4	harass
4	ideological
4	forbid
4	glamour
4	hardware
4	idle
4	fore
4	glare
4	harmony
4	illuminate
4	forehead
4	gleam
4	harvest
4	illusion
4	foresee
4	glide
4	haste
4	imitate
4	forge
4	glimpse
4	hatch
4	immense
4	fork
4	gloom
4	haul
4	immigrate
4	fort
4	glove
4	haunt
4	impair
4	impatient
4	intimidate
4	lens
4	mediate
4	implicit
4	intrigue
4	lesbian
4	medieval
4	impulse
4	invade
4	lever
4	melody
4	incidence
4	invoke
4	lick
4	merchant
4	incline
4	irritate
4	lieutenant
4	mercy
4	inclusion
4	jar
4	likewise
4	merit
4	indifferent
4	jazz
4	limb
4	metaphor
4	indigenous
4	jerk
4	linear
4	metropolitan
4	indirect
4	jewellery
4	linger
4	mid
4	induce
4	judicial
4	linguistic
4	mighty
4	indulge
4	jungle
4	literacy
4	militant
4	infer
4	jurisdiction
4	lively
4	milligram
4	infinite
4	juvenile
4	liver
4	mineral
4	inflame
4	keyboard
4	longing
4	minimal
4	informal
4	kidnap
4	loom
4	minimise
4	infrastructure
4	kilogram
4	loop
4	miracle
4	inherent
4	kin
4	lounge
4	miserable
4	inhibit
4	kit
4	lung
4	mist
4	ink
4	kneel
4	lyric
4	mobilise
4	inn
4	knot
4	magnificent
4	mock
4	innovative
4	lace
4	magnitude
4	moisture
4	insect
4	ladder
4	mammal
4	momentum
4	insulate
4	landlord
4	mandate
4	monarch
4	insult
4	lap
4	manuscript
4	monetary
4	intact
4	laser
4	marble
4	monopoly
4	integral
4	laundry
4	marched
4	monument
4	integrity
4	leaf
4	mat
4	mould
4	intelligent
4	legacy
4	matrix
4	mourn
4	interface
4	legislature
4	maximise
4	ms
4	interim
4	leisure
4	meantime
4	multiply
4	interval
4	lemon
4	medal
4	municipal
4	murmur
4	orchestra
4	penetrate
4	preliminary
4	mushroom
4	organism
4	periphery
4	premier
4	mutter
4	originate
4	petition
4	premium
4	navigate
4	orthodox
4	physician
4	preoccupy
4	necessity
4	ounce
4	physics
4	prescribe
4	needle
4	outfit
4	pilgrim
4	prescription
4	nightmare
4	outlet
4	pill
4	presidency
4	noble
4	outlook
4	pillow
4	prestige
4	nonetheless
4	overhead
4	pinch
4	prevail
4	nonsense
4	overlap
4	pioneer
4	prevalent
4	noon
4	overnight
4	plague
4	prey
4	norm
4	oversee
4	plaintiff
4	primitive
4	notorious
4	owl
4	plea
4	privatise
4	nought
4	oxygen
4	plead
4	proclaim
4	nursery
4	ozone
4	pledge
4	prolong
4	nutrition
4	packet
4	plunge
4	prop
4	obey
4	parade
4	plural
4	proposition
4	obscure
4	paradox
4	poke
4	prostitute
4	obsess
4	parameter
4	polar
4	protocol
4	obstacle
4	particle
4	pond
4	publicity
4	obstruct
4	passive
4	pope
4	pulse
4	odour
4	patent
4	portfolio
4	pursuit
4	offset
4	patience
4	portray
4	questionnaire
4	olive
4	patriot
4	poster
4	quota
4	omit
4	patrol
4	postpone
4	rack
4	ongoing
4	patron
4	preach
4	ram
4	oppress
4	pearl
4	precious
4	ranger
4	opt
4	peculiar
4	predator
4	rap
4	optic
4	peel
4	predecessor
4	rattle
4	optimist
4	peered
4	predominant
4	realm
4	orbit
4	pencil
4	prejudice
4	receipt
4	recipient
4	roses
4	shallow
4	spatial
4	reconcile
4	rotate
4	shatter
4	specimen
4	recreation
4	rubber
4	sheer
4	spectacle
4	recur
4	rug
4	sheriff
4	spectacular
4	recycle
4	sack
4	shrink
4	spectrum
4	refine
4	sacred
4	signature
4	sphere
4	refresh
4	salmon
4	simulate
4	spice
4	regain
4	sane
4	sincere
4	spike
4	regress
4	satisfactory
4	sip
4	spine
4	rehabilitate
4	savage
4	sketch
4	spit
4	rehearse
4	scar
4	skip
4	splash
4	reign
4	scarce
4	skull
4	spontaneous
4	relevance
4	scenario
4	slam
4	spoon
4	repay
4	scent
4	slap
4	spouse
4	repress
4	sceptic
4	sleeve
4	spur
4	resent
4	scholarship
4	slim
4	spy
4	residue
4	scout
4	slot
4	squad
4	retrieve
4	scramble
4	slump
4	stab
4	rhetoric
4	scrap
4	snatch
4	stack
4	rib
4	scrape
4	soak
4	stadium
4	ridge
4	script
4	soap
4	stagger
4	rifle
4	scrutiny
4	soar
4	stall
4	rigid
4	secular
4	soccer
4	stance
4	rigour
4	seldom
4	socialist
4	startle
4	riot
4	seminar
4	sociology
4	statue
4	roast
4	senator
4	sodium
4	steep
4	robot
4	sensation
4	solar
4	steer
4	rocked
4	sentencing
4	solo
4	stereotype
4	rocket
4	sentiment
4	span
4	stern
4	rod
4	sergeant
4	spark
4	stimulus
4	romance
4	shaft
4	sparkle
4	sting
4	stitch
4	tag
4	tolerate
4	veil
4	straightforwar
4	tangle
4	torture
4	vein
4	d
4	telecom
4	toxic
4	vendor
4	strand
4	telescope
4	tragic
4	venue
4	strap
4	temple
4	trait
4	verbal
4	straw
4	tenant
4	transcript
4	verdict
4	streak
4	terminal
4	transplant
4	verify
4	stride
4	terminate
4	trauma
4	verse
4	stripe
4	terrace
4	tremble
4	vertical
4	stroll
4	terrify
4	triangle
4	veterinarian
4	stuffed
4	testament
4	tribunal
4	viable
4	stumble
4	testimony
4	tribute
4	vibrate
4	subjected
4	textile
4	trim
4	vigorous
4	subjective
4	texture
4	trophy
4	villa
4	subordinate
4	theft
4	tropics
4	virgin
4	subscribe
4	theology
4	trousers
4	vitamin
4	subsidiary
4	thesis
4	trustee
4	vivid
4	sued
4	thigh
4	tuck
4	vocal
4	suite
4	thou
4	tug
4	vocation
4	summon
4	thread
4	tumble
4	volcano
4	superb
4	threshold
4	tumour
4	wagon
4	supper
4	thrive
4	turnover
4	waist
4	suppress
4	thrust
4	tutor
4	waiter
4	surge
4	thumb
4	undermine
4	wan
4	surgeon
4	thunder
4	unify
4	ward
4	surplus
4	tick
4	upgrade
4	warehouse
4	surrender
4	tiger
4	upwards
4	warrant
4	swift
4	tile
4	utilise
4	warrior
4	syndrome
4	tilt
4	utter
4	wax
4	synthesis
4	timber
4	validate
4	weary
4	tablespoon
4	tobacco
4	vanish
4	webs
4	weep
4	wells
4	whale
4	whiskey
4	widow
4	wit
4	worship
4	wreck
4	wrist
5	abbey
5	angler
5	automate
5	bowel
5	abdomen
5	anguish
5	autonomous
5	boycott
5	abolish
5	anomaly
5	aviation
5	brace
5	accessory
5	ant
5	awe
5	bracket
5	adore
5	antibiotic
5	axis
5	bribe
5	advocacy
5	antibody
5	badge
5	brigade
5	aerial
5	apparatus
5	bail
5	brisk
5	aftermath
5	appendix
5	bait
5	brochure
5	aggravate
5	appetite
5	balcony
5	brow
5	aggregate
5	applaud
5	bald
5	buckle
5	agitate
5	applause
5	banner
5	bud
5	aide
5	appliance
5	baptist
5	buffer
5	ail
5	apprehend
5	baron
5	bulge
5	airways
5	apprentice
5	basketball
5	bulletin
5	aisle
5	appropriated
5	batch
5	burgle
5	albeit
5	apt
5	battalion
5	bust
5	algorithm
5	aquarium
5	beloved
5	butcher
5	allegiance
5	arbitrary
5	beneficiary
5	butt
5	allergy
5	arbitrate
5	beta
5	bypass
5	aloud
5	arc
5	bewilder
5	calf
5	altar
5	arctic
5	bilateral
5	candy
5	altitude
5	artery
5	binoculars
5	cane
5	ambiguity
5	artillery
5	bleak
5	cannon
5	ammunition
5	ascend
5	blockade
5	captive
5	amnesty
5	ass
5	blossom
5	carbohydrate
5	ample
5	assimilate
5	blouse
5	cardboard
5	amplify
5	asthma
5	blunt
5	cardinal
5	analogy
5	asylum
5	blush
5	cassette
5	analytic
5	audible
5	botany
5	catastrophe
5	anatomy
5	authoritarian
5	bourgeois
5	causal
5	anecdote
5	autobiography
5	bout
5	cellar
5	cellular
5	cocktail
5	converge
5	dangle
5	cement
5	coefficient
5	conversely
5	dart
5	ceramic
5	coerce
5	coral
5	daunt
5	cereal
5	coil
5	corpse
5	dazzle
5	chalk
5	coke
5	cosmetic
5	debris
5	chant
5	collision
5	cosy
5	deceased
5	chap
5	comb
5	courtyard
5	decree
5	charitable
5	commemorate
5	covenant
5	deed
5	chatter
5	commence
5	cowboy
5	default
5	chemist
5	commend
5	crab
5	definitive
5	cherry
5	commonwealth
5	cradle
5	degrade
5	chimney
5	communal
5	cramp
5	delete
5	chord
5	communism
5	crane
5	delta
5	chorus
5	compartment
5	creek
5	demise
5	chuck
5	compassion
5	crest
5	demon
5	chuckle
5	compliment
5	cricket
5	denounce
5	cigar
5	composite
5	cripple
5	dentist
5	circus
5	compost
5	crook
5	dependency
5	clamp
5	comrade
5	crouch
5	deplete
5	clan
5	conclusive
5	crunch
5	depot
5	clap
5	condense
5	crusade
5	descent
5	clasp
5	condom
5	cub
5	dessert
5	claw
5	cone
5	cue
5	detention
5	cleanse
5	confederate
5	culminate
5	deviate
5	clench
5	confide
5	cupboard
5	diagnostic
5	clergy
5	congest
5	curator
5	dice
5	cloak
5	conquer
5	curb
5	diesel
5	clown
5	consecutive
5	cushion
5	differential
5	coarse
5	consortium
5	cylinder
5	diffuse
5	cocaine
5	conspicuous
5	dairy
5	dilute
5	cock
5	convene
5	dale
5	dinosaur
5	diocese
5	dubious
5	ensue
5	fiddle
5	diplomacy
5	dumb
5	entail
5	filth
5	disapprove
5	duplicate
5	enzyme
5	fixture
5	disarm
5	durable
5	epic
5	flake
5	discern
5	dusk
5	epidemic
5	flare
5	discrepancy
5	dwarf
5	equilibrium
5	flats
5	disgrace
5	dye
5	erase
5	flatter
5	disintegrate
5	dynamics
5	erode
5	flop
5	dismantle
5	earnest
5	erosion
5	fluctuate
5	dismay
5	earthquake
5	escalate
5	flutter
5	dispense
5	eccentric
5	eternal
5	foam
5	disposition
5	eclipse
5	evangelical
5	foil
5	dissatisfy
5	ecology
5	evaporate
5	foliage
5	dissent
5	ecstasy
5	ex
5	formidable
5	ditch
5	efficacy
5	exacerbate
5	forthcoming
5	diverge
5	elastic
5	expanse
5	fountain
5	diversify
5	electorate
5	expel
5	fragrant
5	diversion
5	elf
5	expire
5	frantic
5	divert
5	elicit
5	exquisite
5	freight
5	dizzy
5	elusive
5	exterior
5	fume
5	dodge
5	embark
5	extinct
5	fungus
5	dole
5	embed
5	fabulous
5	fury
5	dominance
5	embroider
5	facial
5	fuss
5	doom
5	embryo
5	factual
5	garment
5	drape
5	emigrate
5	farewell
5	gel
5	drastic
5	empower
5	fasten
5	generals
5	dread
5	encompass
5	fatigue
5	generator
5	dreadful
5	engrave
5	feasible
5	gig
5	drought
5	enlist
5	feast
5	giggle
5	drunken
5	enquire
5	fend
5	ginger
5	dub
5	ensemble
5	festive
5	glaze
5	glitter
5	herald
5	inflict
5	knight
5	globe
5	heroin
5	influenza
5	lad
5	goose
5	heterosexual
5	infuse
5	laden
5	gown
5	highland
5	inhale
5	lag
5	gram
5	hike
5	inland
5	lament
5	grammar
5	hinder
5	inmate
5	landmark
5	grape
5	hinge
5	innings
5	lapse
5	grate
5	hiss
5	innocence
5	larva
5	gratitude
5	hockey
5	intake
5	lash
5	grit
5	holly
5	intelligible
5	lateral
5	groan
5	horrified
5	intercept
5	lavish
5	groom
5	hover
5	intercourse
5	leaflet
5	grove
5	howl
5	intermediate
5	leash
5	growl
5	hum
5	interrogate
5	legion
5	grunt
5	humanitarian
5	intersect
5	lesion
5	guild
5	hurdle
5	intestine
5	lethal
5	gum
5	hurl
5	intrinsic
5	liaison
5	gymnasium
5	icon
5	intrude
5	lightning
5	hack
5	id
5	inventory
5	lime
5	hail
5	ignite
5	ion
5	limp
5	ham
5	ignorance
5	ivory
5	linen
5	hamburger
5	immerse
5	jealous
5	lining
5	handkerchief
5	imminent
5	jeopardy
5	liquor
5	harness
5	imperative
5	jewel
5	litigate
5	hatred
5	implant
5	jockey
5	litter
5	hawk
5	improvise
5	jog
5	logo
5	hay
5	incidental
5	journalism
5	loot
5	heave
5	incumbent
5	judiciary
5	lure
5	heighten
5	incur
5	junction
5	lurk
5	hemisphere
5	indict
5	junk
5	lust
5	hen
5	inferior
5	kidney
5	madam
5	magistrate
5	midst
5	mutate
5	orphan
5	maid
5	migrant
5	mute
5	outright
5	majesty
5	militia
5	mystic
5	outset
5	mall
5	millennium
5	naive
5	oval
5	mandatory
5	millilitre
5	nationality
5	override
5	mankind
5	mimic
5	negligent
5	overt
5	manor
5	miniature
5	nephew
5	overthrow
5	mansion
5	mint
5	niche
5	overview
5	marathon
5	misery
5	nickname
5	pa
5	marines
5	mistress
5	nitrogen
5	pact
5	marital
5	mitigate
5	node
5	paddle
5	marsh
5	moan
5	nominal
5	pal
5	marshal
5	mob
5	nominee
5	pants
5	martyr
5	modem
5	notify
5	papa
5	masculine
5	moist
5	nowadays
5	par
5	massacre
5	monastery
5	nucleus
5	paradigm
5	massage
5	monk
5	nude
5	paradise
5	maternal
5	moor
5	nuisance
5	paralyse
5	mattress
5	morale
5	numb
5	parasite
5	meadow
5	mortar
5	numeric
5	parcel
5	median
5	mosaic
5	nun
5	partisan
5	medication
5	mosquito
5	nurture
5	passport
5	meditate
5	motif
5	nutrient
5	pasta
5	membrane
5	moulding
5	oath
5	paste
5	memo
5	mound
5	obscene
5	pastel
5	memoir
5	moustache
5	offspring
5	pastoral
5	memorable
5	mucus
5	onset
5	pastry
5	menace
5	mug
5	optimal
5	pasture
5	messenger
5	multimedia
5	optimism
5	pathetic
5	microphone
5	multinational
5	orient
5	patriarch
5	microscope
5	muse
5	ornament
5	pea
5	peach
5	plaster
5	purse
5	rein
5	pedal
5	plausible
5	putt
5	relay
5	pedestrian
5	plough
5	pyramid
5	relentless
5	pending
5	pluck
5	qualitative
5	relish
5	peninsula
5	plumbing
5	quantify
5	reluctance
5	perch
5	poise
5	quantum
5	remainder
5	perfume
5	ponder
5	quarrel
5	reminisce
5	peril
5	pony
5	quarry
5	renaissance
5	persecute
5	porch
5	query
5	renovate
5	persuasion
5	pork
5	quest
5	renown
5	pest
5	posture
5	radar
5	replicate
5	pesticide
5	potent
5	radioactive
5	reproductive
5	petroleum
5	pounding
5	rag
5	requisite
5	petty
5	pragmatic
5	rainbow
5	reservoir
5	pharmaceutical
5	precaution
5	rake
5	resurrect
5	physicist
5	precipitate
5	ramp
5	retaliate
5	pickup
5	premature
5	ranch
5	retention
5	picnic
5	presently
5	ratify
5	retrospect
5	pier
5	preside
5	ration
5	reunion
5	pierce
5	probation
5	rationale
5	revenge
5	pigeon
5	procession
5	recite
5	revere
5	pillar
5	prone
5	reckless
5	revolt
5	pint
5	propel
5	reclaim
5	revolve
5	pipeline
5	prophet
5	recollect
5	ribbon
5	pirate
5	proprietor
5	rectangle
5	rig
5	pistol
5	prose
5	redundant
5	rim
5	pivot
5	prototype
5	reef
5	rinse
5	pizza
5	proximity
5	reel
5	ripe
5	plains
5	prudent
5	referee
5	ripple
5	plantation
5	publicize
5	referendum
5	rite
5	plasma
5	puff
5	regiment
5	roam
5	robe
5	shepherd
5	sniff
5	stark
5	robust
5	shorts
5	sob
5	static
5	rove
5	shred
5	sober
5	stepmother
5	rumble
5	shrimp
5	socialise
5	stereo
5	runway
5	shrine
5	socialism
5	sterile
5	rust
5	shrub
5	socket
5	sterling
5	ruthless
5	shudder
5	sofa
5	steward
5	sacks
5	shuffle
5	solemn
5	sticky
5	saddle
5	shuttle
5	solicitor
5	stink
5	salon
5	sibling
5	solidarity
5	stocking
5	salute
5	siege
5	solitary
5	stool
5	salvation
5	signify
5	soothe
5	stove
5	sanctuary
5	silicon
5	sorrow
5	stray
5	saturate
5	simmer
5	sour
5	strive
5	scarf
5	simplicity
5	sow
5	stubborn
5	scoop
5	singular
5	spa
5	stud
5	scripture
5	skate
5	spawn
5	stump
5	scrub
5	skeleton
5	spear
5	submarine
5	seam
5	slab
5	spectator
5	submission
5	seasoning
5	slack
5	spider
5	substantive
5	sediment
5	slash
5	spiral
5	sulphur
5	seduce
5	slate
5	spite
5	superficial
5	segregate
5	slaughter
5	splendid
5	superintendent
5	semantic
5	slender
5	sprawl
5	surf
5	sensor
5	slick
5	sprinkle
5	surgical
5	serial
5	slogan
5	sprint
5	surveillance
5	sermon
5	smack
5	sprout
5	susceptible
5	serum
5	smear
5	squash
5	swamp
5	sever
5	smuggle
5	squat
5	swap
5	sewage
5	snack
5	staircase
5	sway
5	shark
5	sneak
5	stalk
5	sweater
5	swirl
5	toddle
5	ulcer
5	vigil
5	symmetry
5	token
5	umbrella
5	vine
5	symphony
5	tolerance
5	un
5	vinegar
5	synthetic
5	tolerant
5	unanimous
5	vintage
5	tablet
5	toll
5	underestimate
5	violin
5	tabloid
5	tomb
5	undergraduate
5	visa
5	tack
5	torch
5	underline
5	vocabulary
5	tailor
5	torment
5	uphold
5	void
5	tame
5	tow
5	upright
5	volatile
5	tan
5	tract
5	urine
5	volt
5	tangible
5	tractor
5	usage
5	voucher
5	tariff
5	trailer
5	usher
5	vow
5	technician
5	tranquil
5	utterly
5	voyage
5	tee
5	transcend
5	vacant
5	wail
5	teen
5	transit
5	vacation
5	wallet
5	telegraph
5	transparent
5	vaccine
5	wardrobe
5	temper
5	tread
5	vacuum
5	warfare
5	temperament
5	trench
5	valve
5	wary
5	temporal
5	trickle
5	vase
5	wedge
5	tentative
5	trio
5	vegetarian
5	wee
5	tenure
5	triple
5	vegetation
5	weld
5	terrain
5	trivial
5	velocity
5	whatsoever
5	terrific
5	trot
5	velvet
5	wheat
5	testify
5	trout
5	vent
5	whereby
5	theological
5	trumpet
5	ventilate
5	whisk
5	therapeutic
5	tub
5	verb
5	wholesale
5	thereafter
5	turbulence
5	verge
5	wilderness
5	thermal
5	turf
5	versatile
5	winding
5	throne
5	turtle
5	vest
5	wink
5	thump
5	twitch
5	veto
5	wireless
5	tidy
5	typed
5	vicious
5	witch
5	withhold
5	wizard
5	worthwhile
5	wrestle
5	wrinkle
5	yacht
5	zip
5	zoo
6	abduct
6	ambivalent
6	authoritative
6	bliss
6	abide
6	ambush
6	avert
6	blister
6	abolition
6	amenity
6	awesome
6	bloc
6	abound
6	analogous
6	babe
6	blot
6	acclaim
6	anarchy
6	bachelor
6	blueprint
6	accredit
6	annex
6	baffle
6	bluff
6	accrue
6	ante
6	bandage
6	bobbed
6	accord
6	antiquity
6	banish
6	bog
6	acquit
6	apartheid
6	banquet
6	bolster
6	adequacy
6	ape
6	barb
6	bombard
6	adjective
6	apostle
6	barbecue
6	booth
6	adjoin
6	apron
6	barge
6	borough
6	admiral
6	aquatic
6	barracks
6	boulder
6	adorn
6	aristocrat
6	barren
6	braid
6	advent
6	armchair
6	bash
6	brandy
6	adversary
6	aroma
6	beckon
6	brassiere
6	aerobics
6	arthritis
6	beetle
6	breadth
6	aerospace
6	artisan
6	beforehand
6	briefcase
6	affinity
6	ascent
6	behold
6	brim
6	afflict
6	ascertain
6	bellow
6	brink
6	affluent
6	ascribe
6	benevolent
6	bristle
6	akin
6	ashore
6	benign
6	brood
6	alas
6	assail
6	berry
6	brownie
6	ale
6	assorted
6	beware
6	browse
6	algae
6	asymmetry
6	bibliography
6	buddy
6	alleviate
6	attentive
6	binary
6	buffet
6	allot
6	attic
6	biopsy
6	bum
6	almond
6	audition
6	bladder
6	bun
6	alphabet
6	augment
6	bland
6	bungalow
6	alps
6	aura
6	blatant
6	bunker
6	amber
6	austere
6	bleach
6	bunny
6	buoy
6	cherish
6	communion
6	crate
6	burrow
6	chess
6	compass
6	crater
6	bustle
6	chestnut
6	complacent
6	crave
6	cabbage
6	chilli
6	compulsory
6	creak
6	cadet
6	chimpanzee
6	concurrent
6	crease
6	calcium
6	chore
6	confiscate
6	credentials
6	camel
6	choreograph
6	conglomerate
6	crow
6	canon
6	chromosome
6	conjunction
6	crumb
6	canopy
6	chronology
6	conjure
6	crumple
6	capitalise
6	churn
6	conquest
6	cuff
6	capsule
6	clatter
6	conservatism
6	cuisine
6	caption
6	cleave
6	conspire
6	cumulative
6	caravan
6	clerical
6	constable
6	curry
6	cardiac
6	climax
6	construe
6	curtail
6	caress
6	clinch
6	contented
6	cute
6	carnival
6	clog
6	contentious
6	deacon
6	carol
6	closet
6	continuum
6	dean
6	carpenter
6	clove
6	contour
6	deceive
6	cartel
6	clump
6	contraction
6	decency
6	cartridge
6	clumsy
6	convoy
6	decentralize
6	cascade
6	clutter
6	coronary
6	deception
6	casino
6	cobble
6	coroner
6	defected
6	catalyst
6	cockpit
6	corporal
6	deflect
6	cavalry
6	cocoa
6	corpus
6	deform
6	cavern
6	coconut
6	corrode
6	degenerate
6	cavity
6	cohort
6	cosmic
6	deliberated
6	chaired
6	collide
6	coupon
6	delinquent
6	chaotic
6	colon
6	covert
6	delude
6	chaplain
6	columnist
6	cracker
6	dementia
6	charcoal
6	comet
6	crackle
6	demolish
6	charisma
6	commonplace
6	cram
6	den
6	denomination
6	disproportion
6	entrench
6	fanatic
6	denote
6	disqualify
6	epidemiology
6	fascist
6	dent
6	disseminate
6	epistemology
6	feat
6	dental
6	dissident
6	equate
6	feeble
6	deport
6	distaste
6	equitable
6	felled
6	deposition
6	distil
6	equivocal
6	feminism
6	deregulate
6	distrust
6	eradicate
6	fern
6	deride
6	donkey
6	erotic
6	fidelity
6	despise
6	dormitory
6	err
6	fiery
6	detriment
6	dough
6	esteem
6	fin
6	devalue
6	dove
6	etch
6	finite
6	deviant
6	drawback
6	eternity
6	firearm
6	diagonal
6	duct
6	ethanol
6	firefight
6	dialect
6	dummy
6	ethnography
6	firework
6	diarrhoea
6	dune
6	euro
6	fleeting
6	digit
6	dwindle
6	evade
6	flex
6	dignify
6	dynasty
6	evict
6	flirt
6	diligent
6	ecosystem
6	exasperate
6	flora
6	diploma
6	eerie
6	excel
6	floral
6	dire
6	eldest
6	excise
6	fluent
6	disciple
6	elegance
6	excursion
6	fluff
6	disco
6	eloquent
6	exemplar
6	fluorescent
6	disconnect
6	emanate
6	exemplify
6	flute
6	discontent
6	embargo
6	exhilarate
6	flux
6	discredit
6	eminent
6	explicable
6	focal
6	discrete
6	empathy
6	extravagant
6	foe
6	disdain
6	emphatic
6	fabricate
6	folder
6	dishonest
6	emulate
6	facet
6	folly
6	disillusion
6	enchant
6	falcon
6	footing
6	dismal
6	encode
6	falter
6	forensic
6	disparity
6	entice
6	famine
6	forgo
6	fortify
6	godfather
6	hoist
6	impoverish
6	fortress
6	gothic
6	holistic
6	imprint
6	frail
6	gracious
6	homicide
6	inadvertent
6	fray
6	graft
6	homogeneous
6	inaugurate
6	freak
6	granite
6	honeymoon
6	incarnate
6	freelance
6	granny
6	horrific
6	incinerate
6	frenzy
6	gratify
6	hose
6	incise
6	fret
6	grievance
6	hospitality
6	inclusive
6	friction
6	grieve
6	hound
6	incomprehensib
6	le
6	fumble
6	grimace
6	hub
6	increment
6	futile
6	groove
6	huddle
6	incubate
6	gag
6	grudge
6	hue
6	indignant
6	gala
6	grumble
6	hull
6	indispensable
6	gall
6	gulp
6	humane
6	induct
6	gallop
6	gutter
6	humanities
6	infantry
6	gape
6	gypsy
6	humid
6	infiltrate
6	garbage
6	halve
6	hunch
6	influx
6	garnish
6	hamper
6	hush
6	informative
6	garrison
6	handbook
6	hygiene
6	infringe
6	gem
6	hare
6	hymn
6	injunction
6	genesis
6	hearty
6	hype
6	inscribe
6	genome
6	heath
6	hypothetical
6	inscription
6	gentry
6	hectare
6	hysterical
6	insulin
6	gigantic
6	heed
6	ibid
6	insurgent
6	gin
6	hegemony
6	idol
6	intellect
6	glacier
6	hem
6	ignorant
6	interchange
6	gland
6	hepatitis
6	immoral
6	intermittent
6	glint
6	heroine
6	impeach
6	intern
6	glisten
6	hesitant
6	impede
6	intolerable
6	gloss
6	hijack
6	impending
6	intricate
6	glossy
6	hitch
6	impetus
6	intrusion
6	latitude
6	lush
6	mingle
6	intuition
6	lava
6	magnify
6	mini
6	intuitive
6	lavender
6	mahogany
6	miraculous
6	invert
6	ledge
6	maiden
6	mischief
6	involuntary
6	lettuce
6	makeup
6	mole
6	ironed
6	levy
6	malign
6	mop
6	irresistible
6	lily
6	mantle
6	morbid
6	irrigate
6	limousine
6	maple
6	mosque
6	irritable
6	lineage
6	mar
6	moss
6	isle
6	liner
6	mare
6	moth
6	itch
6	liquidate
6	maritime
6	muffle
6	jaguar
6	litre
6	martial
6	mule
6	jealousy
6	liturgy
6	mash
6	multicultural
6	jeep
6	lizard
6	masterpiece
6	multitude
6	jelly
6	lo
6	materialize
6	mumble
6	jersey
6	loaf
6	maze
6	mundane
6	jolly
6	loathe
6	mega
6	muscular
6	jolt
6	lobster
6	melancholy
6	mustard
6	jug
6	locality
6	memorandum
6	muster
6	juggle
6	locker
6	mend
6	myriad
6	juror
6	locomotive
6	mentor
6	mythology
6	justly
6	locus
6	merchandise
6	nag
6	kettle
6	loft
6	mercury
6	nap
6	kidding
6	logistics
6	mesh
6	nausea
6	kite
6	lottery
6	metabolism
6	necessitate
6	knob
6	lotus
6	metaphysic
6	necklace
6	knuckle
6	lucrative
6	meteor
6	neuron
6	lance
6	luggage
6	meticulous
6	niece
6	lantern
6	lumber
6	micro
6	nightclub
6	latch
6	luminous
6	millionaire
6	nitrate
6	latent
6	lurch
6	mince
6	nostalgia
6	nostril
6	overtake
6	perimeter
6	poultry
6	notate
6	overweight
6	perish
6	pre
6	notch
6	oxide
6	perk
6	precarious
6	notwithstandin
6	oyster
6	perpetrate
6	preclude
6	g
6	pagan
6	perpetual
6	premiere
6	nourish
6	palette
6	perpetuate
6	presuppose
6	novelty
6	pamphlet
6	pervasive
6	preview
6	novice
6	pant
6	perverse
6	procure
6	nudge
6	papal
6	petal
6	prod
6	nylon
6	parachute
6	pharmacy
6	proliferate
6	obese
6	paramount
6	physiological
6	prominence
6	ominous
6	parlour
6	picket
6	propaganda
6	omission
6	parody
6	pickle
6	propagate
6	onwards
6	parrot
6	pigment
6	proponent
6	opportune
6	parsley
6	pike
6	protagonist
6	optimise
6	partiality
6	pinpoint
6	provisional
6	oracle
6	partition
6	planed
6	prune
6	orchard
6	pastor
6	plank
6	psychic
6	ordeal
6	pathology
6	plaque
6	punctuate
6	ore
6	patio
6	plateau
6	punk
6	oscar
6	patronage
6	plight
6	puppet
6	oscillate
6	pavilion
6	plum
6	purge
6	ostensible
6	paw
6	plume
6	purify
6	oust
6	payroll
6	plump
6	purport
6	outing
6	peanut
6	pneumonia
6	pyjamas
6	outlaw
6	pear
6	poach
6	quartet
6	outskirts
6	pebble
6	polo
6	queue
6	outweigh
6	pedagogy
6	polymer
6	quilt
6	overcrowd
6	peg
6	pornography
6	quiver
6	overhaul
6	penis
6	portable
6	quiz
6	overhear
6	perennial
6	portal
6	racket
6	radiance
6	renounce
6	savour
6	silhouette
6	radius
6	repeal
6	scalp
6	sinister
6	raft
6	repel
6	scant
6	siren
6	ragged
6	repertoire
6	scarlet
6	skim
6	ramble
6	resilience
6	schizophrenic
6	skinny
6	rash
6	resonance
6	scissors
6	slay
6	rave
6	respirator
6	scorn
6	sleek
6	razor
6	retard
6	scowl
6	sling
6	reap
6	retort
6	screech
6	slipper
6	rebound
6	revel
6	scribble
6	slippery
6	recede
6	reverend
6	scroll
6	slit
6	receptive
6	revert
6	secrecy
6	slop
6	receptor
6	rhyme
6	secrete
6	slug
6	recess
6	riddle
6	seep
6	slum
6	reciprocal
6	robin
6	seizure
6	sly
6	redeem
6	rogue
6	sensory
6	snag
6	redemption
6	rouge
6	sensual
6	snarl
6	reed
6	rouse
6	serene
6	snipe
6	reflex
6	rubble
6	sewer
6	snort
6	refrain
6	rugby
6	shear
6	soda
6	refund
6	rugged
6	sherry
6	solicit
6	refurbish
6	rustle
6	shimmer
6	solvent
6	regenerate
6	sacrament
6	shortcoming
6	sophistication
6	registry
6	sag
6	shovel
6	souvenir
6	reimburse
6	saga
6	shrewd
6	sparse
6	reinstate
6	sage
6	shriek
6	spectre
6	reiterate
6	salient
6	shroud
6	sperm
6	relegate
6	saloon
6	shutter
6	splinter
6	relic
6	salvage
6	sic
6	sponge
6	relinquish
6	satin
6	sideline
6	spreadsheet
6	remnant
6	satire
6	sift
6	squadron
6	squeak
6	synonym
6	trolley
6	vanity
6	squint
6	syrup
6	trump
6	vapour
6	squirrel
6	tab
6	tsar
6	vault
6	staple
6	taboo
6	tuberculosis
6	vector
6	stature
6	tally
6	tuition
6	vibrant
6	steroid
6	tanker
6	tuna
6	vicinity
6	stew
6	tart
6	turbine
6	villain
6	stifle
6	tattoo
6	turmoil
6	vitality
6	stipulate
6	taunt
6	twilight
6	vomit
6	stoop
6	tavern
6	twine
6	wade
6	stout
6	terminology
6	twofold
6	waive
6	strait
6	theologian
6	typewrite
6	walnut
6	stranded
6	thorn
6	ultraviolet
6	wane
6	strangle
6	thrash
6	umpire
6	warden
6	streamline
6	throb
6	underpin
6	warp
6	stringent
6	thwart
6	understate
6	warranty
6	sturdy
6	tickle
6	underway
6	wasp
6	subdivide
6	tier
6	underwrite
6	waver
6	subdue
6	topple
6	unilateral
6	whine
6	submerge
6	torque
6	unison
6	whirl
6	subside
6	tout
6	unravel
6	whore
6	subsist
6	toxin
6	unrest
6	wield
6	subvert
6	trafficked
6	unsettle
6	wig
6	succumb
6	transcribe
6	upheaval
6	willow
6	suffice
6	transient
6	uprising
6	wince
6	surpass
6	trash
6	uranium
6	wither
6	surreal
6	traverse
6	vacancy
6	withstand
6	swarm
6	treachery
6	vaccinate
6	wobble
6	swoop
6	trek
6	vagina
6	woe
6	syllable
6	tribune
6	vain
6	woo
6	syndicate
6	trinity
6	vandal
6	wrench
6	wretch
6	wry
6	yank
6	yarn
6	yawn
6	yearn
6	yeast
6	yen
6	zeal
6	zoom
